common name,Species,gene,order,gene identifier,protein identifier,in tree,taxon_of_interest,taxon_id,db,uniprot_id,uniprot_entry,genbank_id,refseq_id,gi_number,seq_start,full_seq,mature_seq,seq_identity
bark scorpion,Centruroides sculpturatus,Timeout,Scorpiones,111642155,XP_023244207.1,No,,218467,,,,,,,,MPYKEQPYSETFLKMMEDFNSAISAEIVATCGAIGYNNKGKYVKDPDCSECLKDLIRFLRNDDESHSIRRQLARIGVLKTDLIPLLKYYPKDKTLFDINIRLLINLTNPVMLLYHEELPEEKLTRNYYMEILSYQQECKQSFTDPDVWKELANRLRELLQLDWEHCQEDDRIMIERILILIRNILHIPSDSVSEKRTDDDVSIHDQIVWSFHISGMDDLIIYLAVTDEHKQFCFHVLEIISLLLREQTPQQLASTGQERFTLEKQRDNQELLKLRKQEFLRKQASVKLQTSRHSRFGGTFEVKNMKSVSDNNMLYHHKLQNITSLTYNQKEKKRKPKRNVPMQHVEVKRKSALTVRLCLRDFCKEFLDTAYNLFMKLIKEYLMGNQIQANDETYYFWAIKFFMEFNRLSGSAMSLITETMSIQSFHYLQTQIEYYYEMTINDKKKIVQWSKRMHLALKAYQELLLTLYAMDESSDREIIESAKIIKGNIFYVMEYRELLISLLMNYDEVKFSQNYLKDLIETTHVFMKMLEKFCKRQSHLIVQQKKVKRKKKNKPKKTLNNENKEDYEKLWSDLSENLSTALQEKIEEAESNTSIFDPVSDHTIDQQRINVIIKIKETLQMKNVKEAICLLRAARNIWPENDVFGIPTISPENEFIVLREIYFSDVQNLGDNANQKDVQEFEDNMTEEEQEERIVQSYEKEFDFKGFVSRFANSKIVRAYAMLFKNFNKNSDYTNNCILKMLHRISWDCKMVALLFQASVFQTMQKILDFPEYSSMIKTH,,
bark scorpion,Centruroides sculpturatus,Timeout,Scorpiones,111642155,XP_023244206.1,No,,218467,,,,,,,,MLLYHEELPEEKLTRNYYMEILSYQQECKQSFTDPDVWKELANRLRELLQLDWEHCQEDDRIMIERILILIRNILHIPSDSVSEKRTDDDVSIHDQIVWSFHISGMDDLIIYLAVTDEHKQFCFHVLEIISLLLREQTPQQLASTGQERFTLEKQRDNQELLKLRKQEFLRKQASVKLQTSRHSRFGGTFEVKNMKSVSDNNMLYHHKLQNITSLTYNQKEKKRKPKRNVPMQHVEVKRKSALTVRLCLRDFCKEFLDTAYNLFMKLIKEYLMGNQIQANDETYYFWAIKFFMEFNRLSGSAMSLITETMSIQSFHYLQTQIEYYYEMTINDKKKIVQWSKRMHLALKAYQELLLTLYAMDESSDREIIESAKIIKGNIFYVMEYRELLISLLMNYDEVKFSQNYLKDLIETTHVFMKMLEKFCKRQSHLIVQQKKVKRKKKNKPKKTLNNENKEDYEKLWSDLSENLSTALQEKIEEAESNTSIFDPVSDHTIDQQRINVIIKIKETLQMKNVKEAICLLRAARNIWPENDVFGIPTISPENEFIVLREIYFSDVQNLGDNANQKDVQEFEDNMTEEEQEERIVQSYEKEFDFKGFVSRFANSKIVRAYAMLFKNFNKNSDYTNNCILKMLHRISWDCKMVALLFQASVFQTMQKILDFPEYSSMIKELKRFSKFVVRKFFETAEKNNKVFVEILFWKKLSDIYEIENGYGTTKPNINELWNEEQEDELRNLYQEYENNTEGGKDVIDHILEHMIDQTKTRRQVIRKLKQLGIVENAKQLHKQKSVSLKRDWTEEETTMLIQLYEKYKDSTGKKII,,
bark scorpion,Centruroides sculpturatus,Timeout,Scorpiones,111642155,XP_023244205.1,No,,218467,,,,,,,,MMEDFNSAISAEIVATCGAIGYNNKGKYVKDPDCSECLKDLIRFLRNDDESHSIRRQLARIGVLKTDLIPLLKYYPKDKTLFDINIRLLINLTNPVMLLYHEELPEEKLTRNYYMEILSYQQECKQSFTDPDVWKELANRLRELLQLDWEHCQEDDRIMIERILILIRNILHIPSDSVSEKRTDDDVSIHDQIVWSFHISGMDDLIIYLAVTDEHKQFCFHVLEIISLLLREQTPQQLASTGQERFTLEKQRDNQELLKLRKQEFLRKQASVKLQTSRHSRFGGTFEVKNMKSVSDNNMLYHHKLQNITSLTYNQKEKKRKPKRNVPMQHVEVKRKSALTVRLCLRDFCKEFLDTAYNLFMKLIKEYLMGNQIQANDETYYFWAIKFFMEFNRLSGSAMSLITETMSIQSFHYLQTQIEYYYEMTINDKKKIVQWSKRMHLALKAYQELLLTLYAMDESSDREIIESAKIIKGNIFYVMEYRELLISLLMNYDEVKFSQNYLKDLIETTHVFMKMLEKFCKRQSHLIVQQKKVKRKKKNKPKKTLNNENKEDYEKLWSDLSENLSTALQEKIEEAESNTSIFDPVSDHTIDQQRINVIIKIKETLQMKNVKEAICLLRAARNIWPENDVFGIPTISPENEFIVLREIYFSDVQNLGDNANQKDVQEFEDNMTEEEQEERIVQSYEKEFDFKGFVSRFANSKIVRAYAMLFKNFNKNSDYTNNCILKMLHRISWDCKMVALLFQASVFQTMQKILDFPEYSSMIKELKRFSKFVVRKFFETAEKNNKVFVEILFWKKLSDIYEIENGYGTTKPNINELWNEEQEDELRNLYQEYENNTEGGKDVIDHILEHMIDQTKTRRQVIRKLKQLGIVENAKQLHKQKSVSLKRDWTEEETTMLIQLYEKYKDSTGKKII,,
bark scorpion,Centruroides sculpturatus,Timeout,Scorpiones,111642155,XP_023244204.1,No,,218467,,,,,,,,MMEDFNSAISAEIVATCGAIGYNNKGKYVKDPDCSECLKDLIRFLRNDDESHSIRRQLARIGVLKTDLIPLLKYYPKDKTLFDINIRLLINLTNPVMLLYHEELPEEKLTRNYYMEILSYQQECKQSFTDPDVWKELANRLRELLQLDWEHCQEDDRIMIERILILIRNILHIPSDSVSEKRTDDDVSIHDQIVWSFHISGMDDLIIYLAVTDEHKQFCFHVLEIISLLLREQTPQQLASTGQERFTLEKQRDNQELLKLRKQEFLRKQASVKLQTSRHSRFGGTFEVKNMKSVSDNNMLYHHKLQNITSLTYNQKEKKRKPKRNVPMQHVEVKRKSALTVRLCLRDFCKEFLDTAYNLFMKLIKEYLMGNQIQANDETYYFWAIKFFMEFNRLSGSAMSLITETMSIQSFHYLQTQIEYYYEMTINDKKKIVQWSKRMHLALKAYQELLLTLYAMDESSDREIIESAKIIKGNIFYVMEYRELLISLLMNYDEVKFSQNYLKDLIETTHVFMKMLEKFCKRQSHLIVQQKKVKRKKKNKPKKTLNNENKEDYEKLWSDLSENLSTALQEKIEEAESNTSIFDPVSDHTIDQQRINVIIKIKETLQMKNVKEAICLLRAARNIWPENDVFGIPTISPENEFIVLREIYFSDVQNLGDNANQKDVQEFEDNMTEEEQEERIVQSYEKEFDFKGFVSRFANSKIVRAYAMLFKNFNKNSDYTNNCILKMLHRISWDCKMVALLFQASVFQTMQKILDFPEYSSMIKELKRFSKFVVRKFFETAEKNNKVFVEILFWKKLSDIYEIENGYGTTKPNINELWNEEQEDELRNLYQEYENNTEGGKDVIDHILEHMIDQTKTRRQVIRKLKQLGIVENAKQLHKQKSVSLKRDWTEEETTMLIQLYEKYKDSTGKKII,,
bark scorpion,Centruroides sculpturatus,Timeout,Scorpiones,111642155,XP_023244202.1,No,,218467,,,,,,,,MMEDFNSAISAEIVATCGAIGYNNKGKYVKDPDCSECLKDLIRFLRNDDESHSIRRQLARIGVLKTDLIPLLKYYPKDKTLFDINIRLLINLTNPVMLLYHEELPEEKLTRNYYMEILSYQQECKQSFTDPDVWKELANRLRELLQLDWEHCQEDDRIMIERILILIRNILHIPSDSVSEKRTDDDVSIHDQIVWSFHISGMDDLIIYLAVTDEHKQFCFHVLEIISLLLREQTPQQLASTGQERFTLEKQRDNQELLKLRKQEFLRKQASVKLQTSRHSRFGGTFEVKNMKSVSDNNMLYHHKLQNITSLTYNQKEKKRKPKRNVPMQHVEVKRKSALTVRLCLRDFCKEFLDTAYNLFMKLIKEYLMGNQIQANDETYYFWAIKFFMEFNRLSGSAMSLITETMSIQSFHYLQTQIEYYYEMTINDKKKIVQWSKRMHLALKAYQELLLTLYAMDESSDREIIESAKIIKGNIFYVMEYRELLISLLMNYDEVKFSQNYLKDLIETTHVFMKMLEKFCKRQSHLIVQQKKVKRKKKNKPKKTLNNENKEDYEKLWSDLSENLSTALQEKIEEAESNTSIFDPVSDHTIDQQRINVIIKIKETLQMKNVKEAICLLRAARNIWPENDVFGIPTISPENEFIVLREIYFSDVQNLGDNANQKDVQEFEDNMTEEEQEERIVQSYEKEFDFKGFVSRFANSKIVRAYAMLFKNFNKNSDYTNNCILKMLHRISWDCKMVALLFQASVFQTMQKILDFPEYSSMIKELKRFSKFVVRKFFETAEKNNKVFVEILFWKKLSDIYEIENGYGTTKPNINELWNEEQEDELRNLYQEYENNTEGGKDVIDHILEHMIDQTKTRRQVIRKLKQLGIVENAKQLHKQKSVSLKRDWTEEETTMLIQLYEKYKDSTGKKII,,
bark scorpion,Centruroides sculpturatus,Timeout,Scorpiones,111642155,XP_023244201.1,No,,218467,,,,,,,,MMEDFNSAISAEIVATCGAIGYNNKGKYVKDPDCSECLKDLIRFLRNDDESHSIRRQLARIGVLKTDLIPLLKYYPKDKTLFDINIRLLINLTNPVMLLYHEELPEEKLTRNYYMEILSYQQECKQSFTDPDVWKELANRLRELLQLDWEHCQEDDRIMIERILILIRNILHIPSDSVSEKRTDDDVSIHDQIVWSFHISGMDDLIIYLAVTDEHKQFCFHVLEIISLLLREQTPQQLASTGQERFTLEKQRDNQELLKLRKQEFLRKQASVKLQTSRHSRFGGTFEVKNMKSVSDNNMLYHHKLQNITSLTYNQKEKKRKPKRNVPMQHVEVKRKSALTVRLCLRDFCKEFLDTAYNLFMKLIKEYLMGNQIQANDETYYFWAIKFFMEFNRLSGSAMSLITETMSIQSFHYLQTQIEYYYEMTINDKKKIVQWSKRMHLALKAYQELLLTLYAMDESSDREIIESAKIIKGNIFYVMEYRELLISLLMNYDEVKFSQNYLKDLIETTHVFMKMLEKFCKRQSHLIVQQKKVKRKKKNKPKKTLNNENKEDYEKLWSDLSENLSTALQEKIEEAESNTSIFDPVSDHTIDQQRINVIIKIKETLQMKNVKEAICLLRAARNIWPENDVFGIPTISPENEFIVLREIYFSDVQNLGDNANQKDVQEFEDNMTEEEQEERIVQSYEKEFDFKGFVSRFANSKIVRAYAMLFKNFNKNSDYTNNCILKMLHRISWDCKMVALLFQASVFQTMQKILDFPEYSSMIKELKRFSKFVVRKFFETAEKNNKVFVEILFWKKLSDIYEIENGYGTTKPNINELWNEEQEDELRNLYQEYENNTEGGKDVIDHILEHMIDQTKTRRQVIRKLKQLGIVENAKQLHKQKSVSLKRDWTEEETTMLIQLYEKYKDSTGKKII,,
bark scorpion,Centruroides sculpturatus,Timeout,Scorpiones,111642155,XP_023244200.1,No,,218467,,,,,,,,MPYKEQPYSETFLKMMEDFNSAISAEIVATCGAIGYNNKGKYVKDPDCSECLKDLIRFLRNDDESHSIRRQLARIGVLKTDLIPLLKYYPKDKTLFDINIRLLINLTNPVMLLYHEELPEEKLTRNYYMEILSYQQECKQSFTDPDVWKELANRLRELLQLDWEHCQEDDRIMIERILILIRNILHIPSDSVSEKRTDDDVSIHDQIVWSFHISGMDDLIIYLAVTDEHKQFCFHVLEIISLLLREQTPQQLASTGQERFTLEKQRDNQELLKLRKQEFLRKQASVKLQTSRHSRFGGTFEVKNMKSVSDNNMLYHHKLQNITSLTYNQKEKKRKPKRNVPMQHVEVKRKSALTVRLCLRDFCKEFLDTAYNLFMKLIKEYLMGNQIQANDETYYFWAIKFFMEFNRLSGSAMSLITETMSIQSFHYLQTQIEYYYEMTINDKKKIVQWSKRMHLALKAYQELLLTLYAMDESSDREIIESAKIIKGNIFYVMEYRELLISLLMNYDEVKFSQNYLKDLIETTHVFMKMLEKFCKRQSHLIVQQKKVKRKKKNKPKKTLNNENKEDYEKLWSDLSENLSTALQEKIEEAESNTSIFDPVSDHTIDQQRINVIIKIKETLQMKNVKEAICLLRAARNIWPENDVFGIPTISPENEFIVLREIYFSDVQNLGDNANQKDVQEFEDNMTEEEQEERIVQSYEKEFDFKGFVSRFANSKIVRAYAMLFKNFNKNSDYTNNCILKMLHRISWDCKMVALLFQASVFQTMQKILDFPEYSSMIKELKRFSKFVVRKFFETAEKNNKVFVEILFWKKLSDIYEIENGYGTTKPNINELWNEEQEDELRNLYQEYENNTEGGKDVIDHILEHMIDQTKTRRQVIRKLKQLGIVENAKQLHKQKSVSLKRDWTEEETTMLIQLYEKYKDSTGKKII,,
common house spider,Parasteatoda tepidariorum,Timeless,Araneae,107440384,XP_042910663.1,Yes,,114398,,,,,,,,MSLTVMNFNRIRELVSNLGCMNEDNTYILSLDCLKILEKLEDELRNEDVVSRNVRISLHICGTVKEDLIPILTHGRDFKILATATRVLVSLSLPAECLLQFEEAALSPKHLNIYTQLAVSTLAIKKAFLNASATSPIVSMLRETVMKSEKHLIPLKDKECEHLYNCLTFLCNLLHLPENLSNLDKNCIPKYADWQSVQNKLIWNLFVQGFDGALILMLNSKYKEHWTVPLTLTIALLFRNQNIGKIHQSLELVSSASESSGDEESDASKISSFSLSSEYSKNVNLLSDSGCPLTSESSYICSDGSVKKCFPSSAAEIHETFEKVQISDAANDMKPKIKANLKTVCNPPSNSQYFDNDCESSSSSESPYHKKIKGSTSASEAKCDSGMDYSSLEGKSSDEDNFNEKRVVDNLKAVQKLKSVQMQSKLSESDSSNEDFQMIKIKQRSHPPPGRRGKSPRRKDGCIPFVCIESALATSSSKGRIKYPLWEKRSSISTLIDVNSSAPSDDDIGFLLKEFTLSFLHSGFSDLAVKIKELLLKGSPVGIDKSVLFWMLSYFLHLAGSVNLSFNHISPILSSDFVTFLIFECVNACENMELHFNSNDVVKKYLSVHLNLIVTAFKEIMSTIDLYFRKSCSQKDKMLFNELYGRLSSMQCFRQIPLLLFQICSKYNSKQFLEDVTILNHHTMIAIDRGSSYSSQHKKINMVSHLQQFATKNIVECCRKVLENFKFNSHFLNECVFTLLHHIAGDLHSSHLLIEPSLLKVFSEILKEDIELDQYQEDLIMYILTKFSREVQTKFIKEQQIKKGGSKLSDDSSINSSVSSHCLLIEEDDDLFWWYLQFEQDKDPVSRISEHLPTSKQDILSKLQIKGFVSVEKLKLLKEKMKAAQDSKLEAIPNEDLSQISIFDDDVTLLLRTLVQAGERQHLIWLQDVLLETCYVKLGLNEDAAESIVLHSINIMMPVPVIPFTCEQRAILKNKSFVLLLQKIGLHPGTSDCLIYPRIPLSWTVDILFSVAARLGPIKKEKMKFSYEELLDAFSKIDPLTRKEINCLALPPLSSCCTMSSWLAMVQQNKEHFISTKGNN,,
common house spider,Parasteatoda tepidariorum,Timeless,Araneae,107440384,XP_042910662.1,No,,114398,,,,,,,,MSLTVMNFNRIRELVSNLGCMNEDNTYILSLDCLKILEKLEDELRNEDVVSRNVRISLHICGTVKEDLIPILTHGRDFKILATATRVLVSLSLPAECLLQFEEAALSPKHLNIYTQLAVSTLAIKKAFLNASATSPIVSMLRETVMKSEKHLIPLKDKECEHLYNCLTFLCNLLHLPENLSNLDKNCIPKYADWQSVQNKLIWNLFVQGFDGALILMLNSKYKEHWTVPLTLTIALLFRNQNIGKIHQSLELVSSASESSGDEESDASKISSFSLSSEYSKNVNLLSDSGCPLTSESSYICSDGSVKKCFPSSAAEIHETFEKVQISDAANDMKPKIKANLKTVCNPPSNSQYFDNDCESSSSSESPYHKKIKGSTSASEAKCDSGMDYSSLEGKSSDEDNFNEKRVVDNLKAVQKLKSVQMQSKLSESDSSNEDFQMIKIKQRSHPPPGRRGKSPRRKDGCIPFVCIESALATSSSKGRIKYPLWEKRSSISTLIDVNSSAPSDDDIGFLLKEFTLSFLHSGFSDLAVKIKELLLKGSPVGIDKSVLFWMLSYFLHLAGSVNLSFNHISPILSSDFVTFLIFECVNACENMELHFNSNDVVKKYLSVHLNLIVTAFKEIMSTIDLYFRKSCSQKDKMLFNELYGRLSSMQCFRQIPLLLFQICSKYNSKQFLEDVTILNHHTMIAIDRGSSYSSQHKKINMVSHLQQFATKNIVECCRKVLENFKFNSHFLNECVFTLLHHIAGDLHSSHLLIEPSLLKVFSEILKEDIELDQYQEDLIMYILTKFSREVQTKFIKEQQIKKGGSKLSDDSSINSSVSSHCLLIEEDDDLFWWYLQFEQDKDPVSRISEHLPTSKQDILSKLQIKGFVSVEKLKLLKEKMKAAQDSKLEAIPNEDLSQISIFDDDVTLLLRTLVQAGERQHLIWLQDVLLETCYVKLGLNEDAAESIVLHSINIMMPVPVIPFTCEQRAILKNKSFVLLLQKIGLHPGTSDCLIYPRIPLSWTVDILFSVAARLGPIKKEKMKFSYEELLDAFSKIDPLTRKEINCLALPPLSSCCTMSSWLAMVQQNKEHFISTKGNN,,
common house spider,Parasteatoda tepidariorum,Timeout,Araneae,107438930,XP_021003037.2,Yes,,114398,,,,,,,,MNHLIEADILATCNALGTEVTGVYEKGVECLECLRDLLRYLRKDDDNHSVLRFLGSIRLVQTDLLPLLKRYEQDDEIFDFVLRLLVALSSPAILLFKEEIPEDKLSHNVYLQLVSYLQTYKDAFTDADAWNALSKRLQNLLETRSVERSEAESLTIERILILIRNILHIPTDDRNLTKTDSDLSSHDKVLLSLRKSKIDVSILYLCANEEEKQFSLHVLEIVSLMLREHSAETLALSNEQRSAAEKEKDVHSLVSALQREQSMKVKNTQSMITSRFNGVYSVKNMKSLSDKDYISHKLITNMEDVKFDSNKNAKRKPKNRLPPKDVDQTRQSTLTVRLFLKNFCKEFLKTYNKLMALVKKELIRKSSGDHDDSYYLWAIEYFMKFNRHYKFQPDFVSETISVQIFHHIQTQITDYLEMMMADKKKAKVWSKRMQLGVSAYKELLQTLRAMTQSSDSNIKRNADIVISNIFYVIEYREMLLSLLTHYDEVKFPLSYLAELVESAYLFLKMLEDHSKRNSEIIIQKKKRKIRRRKKKSQPLDQTNTAETIEEKWVDISSELSAAVQDRRSIPKDISPFDGASQVEFEEQKIEAVYKIRNALFAKEANKAVGLLRAARDLWPEGDSFGSPDIESEDEFCVLREIFLSDLTDPGHAIKPATEDPDLAEYESDEEEESLPAVTEQKLDINEIYNKYATHKVVIPCCLLLNNYQGNSRQTNSCLIKFLHRIAWSCKMHALFFQATVFLTFQRIFRDPDSSRDPLIKEFFRFGKFIMRKFFETAEKNKKAFVEILFWKGTREAYELEEGYGEAENRSNKIAWTEDEEEELKYLFEENQNIYIEGQDIADLILVNLHKKRTKLQIISALKRLGLIQNVKDLKPQLRKEWQEAEIIDLQNLYEDHKLSDDVMTNILNRLSIKRSRKAVVEKLLELNIIQDRKEVLKKKSKKKNNSNSSGSDSDVEPEEDFWSKSNKNKSQVSSDDDAEEDFFRSLKADKENTTGIASIEENENLDSAQEKFANSDNESNKIWDESEIFELNKFFNENKDSEDILSILCRLLTVKRKKKEIVEKLLELNLINDKEMLKKSNKTKKKDKKVIQSDDESVNSETITHKKSKKFRQILSDDSEDESTKSSDKNKQKQVKKRPPKVWDESEIIELHKLFEECKNDNDSVGNIFEKQTMKRPKPLIIEKLLELGLIKDRKEIRKKKESKASQKLESTSELNTKQNKKQLSKVWEENEVIELHELFQKNKDSKDIVGNIMKQQTIKRPKPIIIEKMLELGLIKDRKEVRKKRETKSSKGKKNKESESSSDNDDVPLTVLANTSKASQKPESSTESSSNQNKKQSSKVWEKNEVIELRELFQKNKGRKDIVGNIMRNQTVKRPKPIIIEKMLDLGLIKDRKEVRIRRESEEAKNKESDSSSSDDDDNVPLTLITNTPINIPKVWQEEEIIELQLLFEENKTQSDLLDKVISKMKIHRTEKDVAEKLSELGLISNEKNLEKTESGGKYVENLVSAKMHKKKRKIIEDSSDEEDLRLDSLSTKSASVSLSDMNTENLDPNSLDDVVGVHKRKRLRINLSDDSDDDISAPRVLVNEHEITDTNVMKLNSPIKQTAPFSSKKRIRVLQESDESD,,
domestic silkworm,Bombyx mori,Timeout,Lepidoptera,101740051,XP_021203013.1,No,,7091,,,,,,,,MSSLLSAELSATCNALGTFDKKTGKYLIDEFTINTVKDLIRYLRRDGEDHEIRRHLGQTKVLQTDLLRMLIDHWENAELFDVTLRLLVNLTNPALLLYREEVPTERTARHNYLQILTHLQAYKEEAFSKVDIWNVFSQKLAKILETDWSERDEDTGLIIERILILIRNVLHVPADLDKEKRPENDANIHDQVLWSLNQSGILDIILYMSSENEKQYFMHIIEIISHLLREQNPSSLADAALQRSVDEKLKDEQELLSLRMTENNLRLSKIKQYSATRHSRFGGTYVVQNMKSISDNEIISLKPLNDISKLDFSGGKKSKLVKPKNRRPMESGMLERRSAFAIRLFLKEFCIEFLNGSYNSLMHYVKDVLVRAKAQQNDESYYLWAVKFFMEFNRGHNFQVGLISETMSIPMFHYVQQQMEKYYDMIKVEKKKFGVWVRRLHLALRAYKELLYTLLAMDKSTDPTVKESAKVLKSNIFYVLEYREFILNTFLNYDENKMPRSYLVDLVETVHLFLKMLEHYCKKTGLVVQKKIKKKSKSKRNKPRAQRAPPTEPGAPAWEEARPQLAAVLSAGPEEYPPPFDAASDVPIDQQKEDCMRNIQKSMREYKFENAVGMFRAAREVWPEDGIFGASDIAEDEELSMLETIYNTDLGVVTDVTEIDEVDETQGSEYEEEEEERSTAIVETDFDFQDFVQRFCHPKVVSSCVSLLERYDKNLPHTNHCAIKMLHRVAWDCKRPSMMFQASLFLIFQKIFNNPMQQHKELEKFGIYIFRKFTEIASKNPKAFIELLFWTNSKDALDIEYGYDPYTDSRDKLGKGVWSEEQEEELRRLYMENQTNPETDQDVIDWILENLIDRTRTRRSVIKKLKELGLIFKAPTKRSNKERARERVPKEFSPEEDEMLQELWPQYADSTDPMAFIMSRMPRKRQKKSYVERLLELGLVKDKNECRKKRQKNSEGKSTRSGDDKSNDDESSSSGSESESDTKRTSFPSKQTAPKPRKTKNQTKAKRVELNASQVAKLLVSAVDNGLSGALKWLAENLEELALDQEAEGYDPNSEGTPLVPITDESTEAMDKELFKQVLLGIGVVPPNDEQESYWRIPSCLHFETIRKRREIIMRAVQRELIIGPLNEDQTEKQLHEIAVDESSNDDDLFNNLRKLRETNADTKKIIRTETANDITKSNNRKRGRTESNQENRKQKLTKIDEDYEHELTEDSEDVLSFAKRTLQQDTPDTEEILNNISKLTSDNSGDDEDIVPMKRNSKKRRIVIEDDSE,,
domestic silkworm,Bombyx mori,Timeout,Lepidoptera,101740051,XP_012545050.1,No,,7091,,,,,,,,MSSLLSAELSATCNALGTFDKKTGKYLIDEFTINTVKDLIRYLRRDGEDHEIRRHLGQTKVLQTDLLRMLIDHWENAELFDVTLRLLVNLTNPALLLYREEVPTERTARHNYLQILTHLQAYKEEAFSKVDIWNVFSQKLAKILETDWSERDEDTGLIIERILILIRNVLHVPADLDKEKRPENDANIHDQVLWSLNQSGILDIILYMSSENEKQYFMHIIEIISHLLREQNPSSLADAALQRSVDEKLKDEQELLSLRMTENNLRLSKIKQYSATRHSRFGGTYVVQNMKSISDNEIISLKPLNDISKLDFSGGKKSKLVKPKNRRPMESGMLERRSAFAIRLFLKEFCIEFLNGSYNSLMHYVKDVLVRAKAQQNDESYYLWAVKFFMEFNRGHNFQVGLISETMSIPMFHYVQQQMEKYYDMIKVEKKKFGVWVRRLHLALRAYKELLYTLLAMDKSTDPTVKESAKVLKSNIFYVLEYREFILNTFLNYDENKMPRSYLVDLVETVHLFLKMLEHYCKKTGLVVQKKIKKKSKSKRNKPRAQRAPPTEPGAPAWEEARPQLAAVLSAGPEEYPPPFDAASDVPIDQQKEDCMRNIQKSMREYKFENAVGMFRAAREVWPEDGIFGASDIAEDEELSMLETIYNTDLGVVTDVTEIDEVDETQGSEYEEEEEEERSTAIVETDFDFQDFVQRFCHPKVVSSCVSLLERYDKNLPHTNHCAIKMLHRVAWDCKRPSMMFQASLFLIFQKIFNNPMQQHKELEKFGIYIFRKFTEIASKNPKAFIELLFWTNSKDALDIEYGYDPYTDSRDKLGKGVWSEEQEEELRRLYMENQTNPETDQDVIDWILENLIDRTRTRRSVIKKLKELGLIFKAPTKRSNKERARERVPKEFSPEEDEMLQELWPQYADSTDPMAFIMSRMPRKRQKKSYVERLLELGLVKDKNECRKKRQKNSEGKSTRSGDDKSNDDESSSSGSESESDTKRTSFPSKQTAPKPRKTKNQTKAKRVELNASQVAKLLVSAVDNGLSGALKWLAENLEELALDQEAEGYDPNSEGTPLVPITDESTEAMDKELFKQVLLGIGVVPPNDEQTIVVTTKT,,
domestic silkworm,Bombyx mori,Timeout,Lepidoptera,101740051,XP_012545048.1,Yes,,7091,,,,,,,,MSSLLSAELSATCNALGTFDKKTGKYLIDEFTINTVKDLIRYLRRDGEDHEIRRHLGQTKVLQTDLLRMLIDHWENAELFDVTLRLLVNLTNPALLLYREEVPTERTARHNYLQILTHLQAYKEEAFSKVDIWNVFSQKLAKILETDWSERDEDTGLIIERILILIRNVLHVPADLDKEKRPENDANIHDQVLWSLNQSGILDIILYMSSENEKQYFMHIIEIISHLLREQNPSSLADAALQRSVDEKLKDEQELLSLRMTENNLRLSKIKQYSATRHSRFGGTYVVQNMKSISDNEIISLKPLNDISKLDFSGGKKSKLVKPKNRRPMESGMLERRSAFAIRLFLKEFCIEFLNGSYNSLMHYVKDVLVRAKAQQNDESYYLWAVKFFMEFNRGHNFQVGLISETMSIPMFHYVQQQMEKYYDMIKVEKKKFGVWVRRLHLALRAYKELLYTLLAMDKSTDPTVKESAKVLKSNIFYVLEYREFILNTFLNYDENKMPRSYLVDLVETVHLFLKMLEHYCKKTGLVVQKKIKKKSKSKRNKPRAQRAPPTEPGAPAWEEARPQLAAVLSAGPEEYPPPFDAASDVPIDQQKEDCMRNIQKSMREYKFENAVGMFRAAREVWPEDGIFGASDIAEDEELSMLETIYNTDLGVVTDVTEIDEVDETQGSEYEEEEEEERSTAIVETDFDFQDFVQRFCHPKVVSSCVSLLERYDKNLPHTNHCAIKMLHRVAWDCKRPSMMFQASLFLIFQKIFNNPMQQHKELEKFGIYIFRKFTEIASKNPKAFIELLFWTNSKDALDIEYGYDPYTDSRDKLGKGVWSEEQEEELRRLYMENQTNPETDQDVIDWILENLIDRTRTRRSVIKKLKELGLIFKAPTKRSNKERARERVPKEFSPEEDEMLQELWPQYADSTDPMAFIMSRMPRKRQKKSYVERLLELGLVKDKNECRKKRQKNSEGKSTRSGDDKSNDDESSSSGSESESDTKRTSFPSKQTAPKPRKTKNQTKAKRVELNASQVAKLLVSAVDNGLSGALKWLAENLEELALDQEAEGYDPNSEGTPLVPITDESTEAMDKELFKQVLLGIGVVPPNDEQESYWRIPSCLHFETIRKRREIIMRAVQRELIIGPLNEDQTEKQLHEIAVDESSNDDDLFNNLRKLRETNADTKKIIRTETANDITKSNNRKRGRTESNQENRKQKLTKIDEDYEHELTEDSEDVLSFAKRTLQQDTPDTEEILNNISKLTSDNSGDDEDIVPMKRNSKKRRIVIEDDSE,,
domestic silkworm,Bombyx mori,Timeless,Lepidoptera,733065,XP_037877669.1,Yes,,7091,,,,,,,,MEWVLRSPQIHSSFGNLGFLHADGYHVNENCNNVLESILHNILSEDEYLRTYRRSISFGQNVKKDLIPLLIHTKDDKTIELLIRILVNLTIPIECLLSVDEISKNDFGRHTIFEINNLLATTKMAFTDQRATKVVIDFLKKNFDLEQKTMLTIEQCTNISNSLLLLRNILHIPEKTPTRSPTFNGPVHSIQNQIIWNIFSQSIDKVLIKLMIIPDAAKWAVTMIQFIALLYKNQHAVTLHKLLNLWLESSLSESSEDNESNTSPPDRGSDDSSPILTSDPTSDSSDTGGSGKSNDEPNSVNNGWDASSVNNTSENGSQTSQTHNDSESPRKNAENIAEGSMKDENVNEAKSVTFSESNTEATKDVPAGEDKMKAVISENSDCGYGTQIENQESVSTSSNDDELPSEKPVHQKPHNPKQRVNTKSRSGVTVQERKRKKIVKRGKSNIINVQGLSHKTPTDDDISNILKEFTVDFLLKGYNVLVQTLHSQILTNLQLEIDTSHFFWLVTYFLKFATQIELDLEHLCSVLSFDIVSYLTAEGVNLCEQFELAVKLDGNGLKPCMRRLHLVVTAIRELVQAIEVYKKISFIRKDDREALIKLQIKMCETDELRSLMVLLLRTYNPKYHTKQYLQDIIVTNHILLLFLDNVMKMTEYNGTTNMVDHIKQFATPEIMYQYGLLLEDYASNGEFVNDCIFTVMHHAGGELESLITLFQPKILKTFTSIWKSEFEICDDWSDLIEYVINTFIKKPHTLQTMADIRLDTENFDDEIVSKPVTTPEDVAGPRTDDIAKKNNIISNASNASVETWTEDELSSLNWNYMQCNSLSDVIGEIVKLFKDYGTFKSRQSIITQLYKQNIIDKDKFETFLNAEKQWNTRTVELNKETRDDEIGKLCEQLANDGKSNFLDWVQKVLLDTCCAKIYIQKKSATKFLADQADCKLLNFELFKKKSDFPSLSPVSCHSLLFNQSVPLVPWNCRQASICKDLKFLQLLHKLGFHMPVDSGKVFIRIPHFWTADFLFEVAGKIAPIDKKTLKFNIDDLQNSMTHEKYRNLIVLTTNYTKDITMVETSDNIYQVHKQKHLATMVNFTPMPGTSFGTQRDDERRNWLEVVKKSQEYKITLNLGRLVGEEGDIQPDVVMKLPSSEPSESLPAPPISGNITDTEYYNNSVCETASVASDLTRMYVSDEDEKPEVVLRPVHEVNNLAESSDSGNLKRPRVQFAPNF,,
honey bee,Apis mellifera,Timeout,Hymenoptera,550811,XP_006565496.2,No,,7460,,,,,,,,MSDYLSTELAATCAALGYYDGSKYHLDKHCLDVIKDLIKYLRRDDESHVVRQFLGQTKLLQTDLIKIFVDHSDKLQLWDVLLRLIINITSPVLLIYNEQIPTDKMQRTIYQKLISYTQEYKIALTDDRIWAVLSNRLSEILKLDNIDRGEEKEMIIERILIFIRNVLQIPPDENEKRVDNDATIHDEVLFALNASGVVDLLLFIASNRSEQQYHLQVLEIISLMLRDQNANQLAKSGLQRSTAEKEKDEATLLAARLKEKEKKLERVRKYASARHSHFGGTYVVQNMKAIGENQLICHKPYQKIEALNFAQDKKKMSKPKNKRPMMDPRGERTSTLSVRLFLKEFCVEFLNAAYNPVMKYARSCIIGATSTEQTETICYLWTLRFFMEFNRHYKFEVKYVSETISTEIFHLVQRQMEHYYEMIITDKKKIPLWSCRLHVALRAYQELLYTLIAMDQSTDRGVRESSKVIKSNVFYVPEYRETILSQLLNFDELKMSRKYLIDLTTTAHVFLKMLSNYCEKNKRSVVVQQVKNRRQRNKKNKKKAESEQKSEQSPPPSVEERWDEISPQLSIVMREGTIPEVIPFDATLDVPIDEQKVDAMKKIQKLLRQKFLEQAVGLLRASREVWPENDCFGRADITQEEEFLALREIFFADLGVIEEENVAESRGEQREENVESLLNDEPDDEDDDEEREAEPYSTVVETDFKFSDFVHRFANVKIVRAMLILLQQFDKNTDEVNHYVNKMLHRIAWDCKMPGMMFQASMFRVFQRILESKHRGHKELQKFAVFIIRRFIEVAQKNRKAYMELLFWKTTRDATEVVEGYNAETDNKKVSRNLWTETQEDELRTLFMEHQTNKYPQDVIDWILENINQERTRRGIIKKLKEMSLIINSKAVRSEVQKRLPKEWSEEEIAQLTELWEQLKNDDDPVDLIFNGLTIKRPKPKIKEKLLELGLATDRKDLRKKRSRKSNHGKSSWETESVSNSDEDKSSDEEAGKSSSNKNTAPNKPRNKGTKKNAKKQTTMVYTDVQLSGLLKDVIERNMSEALEWIKESLLDVLDDRDEESSEGIPLVPLTDYSSAAMDSPSFQKLIRAMGFTPPADEQESYWRIPSNMLSSMIQKRCNLIDAALAGNFSVEKESQKKNKSDDDEDSESNDDDVLENIKKYFSSREPQLSTSCEPGIEISDHPIPLKNFTVLSTSIEHVDTKMEEANEEENSKKVENPEPERRKSSGRINLLVDSSDSELETEIKSVNAEDEEKRHRSDEFEEKNETVKKRRLLDSDEENESLMSQNTEQKRIKMIISDDEEEQSAPEQRKKQKSRIIISDDED,,
honey bee,Apis mellifera,Timeout,Hymenoptera,550811,XP_006565495.2,Yes,,7460,,,,,,,,MSDYLSTELAATCAALGYYDGSKYHLDKHCLDVIKDLIKYLRRDDESHVVRQFLGQTKLLQTDLIKIFVDHSDKLQLWDVLLRLIINITSPVLLIYNEQIPTDKMQRTIYQKLISYTQEYKIALTDDRIWAVLSNRLSEILKLDNIDRGEEKEMIIERILIFIRNVLQIPPDENEKRVDNDATIHDEVLFALNASGVVDLLLFIASNRSEQQYHLQVLEIISLMLRDQNANQLAKSGLQRSTAEKEKDEATLLAARLKEKEKKLERVRKYASARHSHFGGTYVVQNMKAIGENQLICHKPYQKIEALNFAQDKKKMSKPKNKRPMMDPRGERTSTLSVRLFLKEFCVEFLNAAYNPVMKYARSCIIGATSTEQTETICYLWTLRFFMEFNRHYKFEVKYVSETISTEIFHLVQRQMEHYYEMIITDKKKIPLWSCRLHVALRAYQELLYTLIAMDQSTDRGVRESSKVIKSNVFYVPEYRETILSQLLNFDELKMSRKYLIDLTTTAHVFLKMLSNYCEKNKRSVVVQQVKNRRQRNKKNKKKAESEQKSEQSPPPSVEERWDEISPQLSIVMREGTIPEVIPFDATLDVPIDEQKVDAMKKIQKLLRQKFLEQAVGLLRASREVWPENDCFGRADITQEEEFLALREIFFADLGVIEEENVAESRGEQREENVESLLNDEPDDEDDDEEREAEPYSTVVETDFKFSDFVHRFANVKIVRAMLILLQQFDKNTDEVNHYVNKMLHRIAWDCKMPGMMFQASMFRVFQRILESKHRGHKELQKFAVFIIRRFIEVAQKNRKAYMELLFWKTTRDATEVVEGYNAETDNKKVSRNLWTETQEDELRTLFMEHQTNKYPQDVIDWILENINQERTRRGIIKKLKEMSLIINSKAVRSEVQKRLPKEWSEEEIAQLTELWEQLKNDDDPVDLIFNGLTIKRPKPKIKEKLLELGLATDRKDLRKKRSRKSNHGKSSWETESVSNSDEDKSSDEEAGKSSSNKNTAPNKPRNKGTKKNAKKQTTMVYTDVQLSGLLKDVIERNMSEALEWIKESLLDVLDDRDEESSEGIPLVPLTDYSSAAMDSPSFQKLIRAMGFTPPADEQESYWRIPSNMLSSMIQKRCNLIDAALAGNFSVEKESQKKNKSDDDEDSESNDDDVLENIKKYFSSRAEPQLSTSCEPGIEISDHPIPLKNFTVLSTSIEHVDTKMEEANEEENSKKVENPEPERRKSSGRINLLVDSSDSELETEIKSVNAEDEEKRHRSDEFEEKNETVKKRRLLDSDEENESLMSQNTEQKRIKMIISDDEEEQSAPEQRKKQKSRIIISDDED,,
monarch butterfly,Danaus plexippus,Timeout,Lepidoptera,116766764,XP_061377646.1,Yes,,13037,,,,,,,,MSSLLSAELSATCNALGTFNKKTGKYMIDDFTLNTVKDLIRYLRRDGEDHEIRRHFGQTKVLQTDLLPMLIDHWENEELFDVTLRLIVNLTNPALLLYREEVPVERNDRHNYLQILSHLQSYKEDAFTKVENWQVFAKKLGKVLEIDWSERDEDTGLVIERILILIRNVLHVPADLDKERRPENDASVHDQVLWALNQAGILDIILYMSSENEKQYFMHIIEIISHLLREQNPSSLADAALQRSVDEKVRDDQELLMIRMTENKDRMNKIRHYSSTRHSRFGGTYVVQNMKSISDNELICLKPLNKISNLDFNGSKKQKLVKPKNRRPTESGTMERRSAFAIRLFLKEFCIEFLNSSYNVLMHYVKDVLVRAKAQQNDESYYLWAVKFFMEFNRAHDFQVGFVSETMSVPMFHYVQQQMEKYYDMISVEKKKFTNWVRRLHLALRAYKELLHTLLAMDASKDHTVRESAKVLKSNIFYVLEYREFILSMYLNYDENKMPRSYLVDLVETVHLFLKMLEHYCKRTGLVVQKKVRKKTKAKKQKPKIKPKVIELSPWEEIRPQLAAVLSSGVEHYLPPFDAASETPIDQQKEDCMKKIQRLMRDHKYEDVIGTFRAAREVWPEDGIFGVSGMPEDEELDMLETIYNTDLGLDYEVAQHEDAQEYSEDEDEEDEEQGSAIVETDFDFQDFVLRFCHPKIVSACVCLLERYDKNRSHTNHCIVKMLHRIAFDCNRPAMMFQATLFLTFQKILHNPMPHLKELEKFAIFILRKFADIASKSGKVFIELLFWKNSKDAVEIEHGYNLYNDPRDKLGKASWSEEQEDELRNLYMENQTNPQTDQDVIDWILDNLIDQTRTRRSVIKKLKELGLIFNAPTKKSNKARTEKVTKDFTEEEDKLLTELWTQNAESQDPMSVIMERMPRNRSKRTFVERLLRLGLIDDKKQCRKKSIKNISGKNSSDSESSKSEDEDAPPKRPTIKIKSKKNLTKSKQSNKKSAESLELSANEIAELLVQAVENGHTEALNWLSENLEEVALDQEAEGFDPTSEGTPLVPISRESVQAIQDDLFRRVLKSLGIVPPVDEQETYWRIPSSLHYETIRKRREIITKAVNKELIIDNRAAPETKKDNNDNGNNGNHNINDESDASDDDLFDNLRKIAKKSSETDNNPKSKNRKRTRSFESDDENKKKQRKDNIKDKDDENENENKDSDDDLLSFVKNTLHTELPDTEDILNALPEHSDDSDAEVAPKRRKLRIISDSE,,
fruit fly,Drosophila melanogaster,Timeout,Diptera,41615,NP_524341.3,Yes,,7227,,,,,,,,MSILLADIDATCAALGYSDGQKYQAEPDAAEGLKHLIWILRRDLDNHEYRRHLGRSKVLQTDLVYMLPDYVHHEELSDLLIRLLVILTNPTLLLYREGAPKDNHGRKVFMELIDILQGYKAAFAKDKVWSALFEKLKQALEIAFAIRSEEQNLLIERILVLVRNVLQVPANPEAECRADNDASLHDQVIWALHQTGMLDLVLFVISSPDEEQFHLHGLEIVCLLFREQSAESLADASLQRSLSEKQRDQQELLAARRRERARRQARPPPGRHSRFGGTYVIRNMKSVSDRDVICHQALERVSSIDFDREKQQQKRSHRHIQEEAQVTRRSAFTVRLCLREYCIEVLRSAYNTLVRQVRRVLERNAGSSSHDDSYLLWAIRFFMEFNRLSGLQLQLVSESLSVQCFHWVLTRMQHDMDMIVSDKKQARLWAKRLHVALLTFRELLQSLLALQKLKDDNNARALFDMLLNNVCYVLEYRETVLHLLMNYNEAHSTKVFLRDVVETANVFIKMMERFCQDSVVVQDKKRGRGASRKKKQAATKSKPPAAPQPTEEELSSKWAELATEVCSLLSTELEMPEDEQPLPFDAASEKSIDDQREDCMIRINKLLRSEKLDQAIALLRAAREVWPENEVFGAISAAPEDELLLLREIFMSNITTVESEDKENEKDQKQDEYEDEDDDLDNEEYEEQDNGLTEKTFKFDDFARRLLNPKIVRACTLVLSDWADIPTRSLKAAVTILHRIAYGCKCAGMLFQAKLFRIFQQVFSVERDVHQEELRRLAIFVVRKFVEVAPTNPKIYAELLFYKGIREANELESGYCDAYEAGTKGAWTEEQESELRFLFEENQRNPETDKDVIDWILDNLVDKTRNRRTVLKKLKELGLLFKAPTKRSTKSAQSGKNVWQPEEDDELRSLYDQHRIEPDCLERLVNEFAERRSKQQIIKRMLQIHLIADKSEILPAKKGRGKDKPKKDVEMEGEGDEFDFAEEPMFEDQGYKKPKSKPKKVQKRQMVRTPLDVGTIRALIGQVDSEKYQSAIEWLQECLQDASEDTEEAVEDDDGVPLLPLMENQKNAMEDGDFQKVLVALGMQPPISGMEAYWRIPIYLNSADLILRSKILAGEEVDAEPEDEAADDEDGEEAEESDEEEDFLEKHSRQRKENIATQQQRKLDSLMFNQSDDETEQRAPPKAKDKPKASEKKAKRKVKGKAKESKDCNDDGTDKAELEKPNTDDLFNQLRAKRATKIKLSDMALNESTNAAQEADDDAFNFNSEDYRARLLELEDEEQNSKDADENGGDKENITNKSLQRARRVNVIDSDSDNDDDGALPADKTNKRPRSDDDGDSGHMDANAEEDSDEEANFLARKKPAKVDGEPAKRRRLAIIDDDDEDDF,,
fruit fly,Drosophila melanogaster,Timeless,Diptera,33571,NP_001400990.1,No,,7227,,,,,,,,MDWLLATPQLYSAFSSLGCLEGDTYVVNPNALAILEEINYKLTYEDQTLRTFRRAIGFGQNVRSDLIPLLENAKDDAVLESVIRILVNLTVPVECLFSVDVMYRTDVGRHTIFELNKLLYTSKEAFTEARSTKSVVEYMKHILESDPKLSPHKCDQINNCLLLLRNILHIPETHAHCVMPMMQSMPHGISMQNTILWNLFIQSIDKLLLYLMTCPQRAFWGVTMVQLIALIYKDQHVSTLQKLLSLWFEASLSESSEDNESNTSPPKQGSGDSSPMLTSDPTSDSSDNGSNGRGMGGGMREGTAATLQEVSRKGQEYQNAMARVPADKPDGSEEASDMTGNDSEQPGSPEQSQPAGESMDDGDYEDQRHRQLNEHGEEDEDEDEVEEEEYLQLGPASEPLNLTQQPADKVNNTTNPTSSAPQGCLGNEPFKPPPPLPVRASTSAHAQMQKFNESSYASHVSAVKLGQKSPHAGQLQLTKGKCCPQKRECPSSQSELSDCGYGTQVENQESISTSSNDDDGPQGKPQHQKPPCNTKPRNKPRTIMSPMDKKELRRKKLVKRSKSSLINMKGLVQHTPTDDDISNLLKEFTVDFLLKGYSYLVEELHMQLLSNAKVPIDTSHFFWLVTYFLKFAAQLELDMEHIDTILTYDVLSYLTYEGVSLCEQLELNARQEGSDLKPYLRRMHLVVTAIREFLQAIDTYNKVTHLNEDDKAHLRQLQLQISEMSDLRCLFVLLLRRFNPSIHSKQYLQDLVVTNHILLLILDSSAKLGGCQTIRLSEHITQFATLEVMHYYGILLEDFNNNGEFVNDCIFTMMHHIGGDLGQIGVLFQPIILKTYSRIWEADYELCDDWSDLIEYVIHKFMNTPPKSPLTIPTTSLTEMTKEHNQEHTVCSWSQEEMDTLYWYYVQSKKNNDIVGKIVKLFSNNGNKLKTRISIIQQLLQQDIITLLEYDDLMKFEDAEYQRTLLTTPTSATTESGIEIKECAYGKPSDDVQILLDLIIKENKAQHLLWLQRILIECCFVKLTLRSGLKVPEGDHIMEPVAYHCICKQKSIPVVQWNNEQSTTMLYQPFVLLLHKLGIQLPADAGSIFARIPDYWTPETMYGLAKKLGPLDKLNLKFDASELEDATASSPSRYHHTGPRNSLSSVSSLDVDLGDTEELALIPEVDAAVEKAHAMASTPSPSEIFAVPKTKHCNSIIRYTPDPTPPVPNWLQLVMRSKCNHRTGPSGDPSDCIGSSSTTVDDEGFGKSISAATSQAASTSMSTVNPTTTLSLNMLNTFMGSHNENSSSSGCGGTVSSLSMVALMSTGAAGGGGNTSGLEMDVDASMKSSFERLEVNGSHFSRANNLDQEYSAMVASVYEKEKELK,,
fruit fly,Drosophila melanogaster,Timeless,Diptera,33571,NP_001334730.1,Yes,,7227,,,,,,,,MSRVRQLHNHIWNNQNFDKVKSVMDWLLATPQLYSAFSSLGCLEGDTYVVNPNALAILEEINYKLTYEDQTLRTFRRAIGFGQNVRSDLIPLLENAKDDAVLESVIRILVNLTVPVECLFSVDVMYRTDVGRHTIFELNKLLYTSKEAFTEARSTKSVVEYMKHILESDPKLSPHKCDQINNCLLLLRNILHIPETHAHCVMPMMQSMPHGISMQNTILWNLFIQSIDKLLLYLMTCPQRAFWGVTMVQLIALIYKDQHVSTLQKLLSLWFEASLSESSEDNESNTSPPKQGSGDSSPMLTSDPTSDSSDNGSNGRGMGGGMREGTAATLQEVSRKGQEYQNAMARVPADKPDGSEEASDMTGNDSEQPGSPEQSQPAGESMDDGDYEDQRHRQLNEHGEEDEDEDEVEEEEYLQLGPASEPLNLTQQPADKVNNTTNPTSSAPQGCLGNEPFKPPPPLPVRASTSAHAQMQKFNESSYASHVSAVKLGQKSPHAGQLQLTKGKCCPQKRECPSSQSELSDCGYGTQVENQESISTSSNDDDGPQGKPQHQKPPCNTKPRNKPRTIMSPMDKKELRRKKLVKRSKSSLINMKGLVQHTPTDDDISNLLKEFTVDFLLKGYSYLVEELHMQLLSNAKVPIDTSHFFWLVTYFLKFAAQLELDMEHIDTILTYDVLSYLTYEGVSLCEQLELNARQEGSDLKPYLRRMHLVVTAIREFLQAIDTYNKVTHLNEDDKAHLRQLQLQISEMSDLRCLFVLLLRRFNPSIHSKQYLQDLVVTNHILLLILDSSAKLGGCQTIRLSEHITQFATLEVMHYYGILLEDFNNNGEFVNDCIFTMMHHIGGDLGQIGVLFQPIILKTYSRIWEADYELCDDWSDLIEYVIHKFMNTPPKSPLTIPTTSLTEMTKEHNQEHTVCSWSQEEMDTLYWYYVQSKKNNDIVGKIVKLFSNNGNKLKTRISIIQQLLQQDIITLLEYDDLMKFEDAEYQRTLLTTPTSATTESGIEIKECAYGKPSDDVQILLDLIIKENKAQHLLWLQRILIECCFVKLTLRSGLKVPEGDHIMEPVAYHCICKQKSIPVVQWNNEQSTTMLYQPFVLLLHKLGIQLPADAGSIFARIPDYWTPETMYGLAKKLGPLDKLNLKFDASELEDATASSPSRYHHTGPRNSLSSVSSLDVDLGDTEELALIPEVDAAVEKAHAMASTPSPSEIFAVPKTKHCNSIIRYTPDPTPPVPNWLQLVMRSKCNHRTGPSGDPSDCIGSSSTTVDDEGFGKSISAATSQAASTSMSTVNPTTTLSLNMLNTFMGSHNENSSSSGCGGTVSSLSMVALMSTGAAGGGGNTSGLEMDVDASMKSSFERLEVNGSHFSRANNLDQEYSAMVASVYEKEKELNSDNVSLASDLTRMYVSDEDDRLERTEIRVPHYH,,
fruit fly,Drosophila melanogaster,Timeless,Diptera,33571,NP_001014463.2,No,,7227,,,,,,,,MDWLLATPQLYSAFSSLGCLEGDTYVVNPNALAILEEINYKLTYEDQTLRTFRRAIGFGQNVRSDLIPLLENAKDDAVLESVIRILVNLTVPVECLFSVDVMYRTDVGRHTIFELNKLLYTSKEAFTEARSTKSVVEYMKHILESDPKLSPHKCDQINNCLLLLRNILHIPETHAHCVMPMMQSMPHGISMQNTILWNLFIQSIDKLLLYLMTCPQRAFWGVTMVQLIALIYKDQHGSGDSSPMLTSDPTSDSSDNGSNGRGMGGGMREGTAATLQEVSRKGQEYQNAMARVPADKPDGSEEASDMTGNDSEQPGSPEQSQPAGESMDDGDYEDQRHRQLNEHGEEDEDEDEVEEEEYLQLGPASEPLNLTQQPADKVNNTTNPTSSAPQGCLGNEPFKPPPPLPVRASTSAHAQMQKFNESSYASHVSAVKLGQKSPHAGQLQLTKGKCCPQKRECPSSQSELSDCGYGTQVENQESISTSSNDDDGPQGKPQHQKPPCNTKPRNKPRTIMSPMDKKELRRKKLVKRSKSSLINMKGLVQHTPTDDDISNLLKEFTVDFLLKGYSYLVEELHMQLLSNAKVPIDTSHFFWLVTYFLKFAAQLELDMEHIDTILTYDVLSYLTYEGVSLCEQLELNARQEGSDLKPYLRRMHLVVTAIREFLQAIDTYNKVTHLNEDDKAHLRQLQLQISEMSDLRCLFVLLLRRFNPSIHSKQYLQDLVVTNHILLLILDSSAKLGGCQTIRLSEHITQFATLEVMHYYGILLEDFNNNGEFVNDCIFTMMHHIGGDLGQIGVLFQPIILKTYSRIWEADYELCDDWSDLIEYVIHKFMNTPPKSPLTIPTTSLTEMTKEHNQEHTVCSWSQEEMDTLYWYYVQSKKNNDIVGKIVKLFSNNGNKLKTRISIIQQLLQQDIITLLEYDDLMKFEDAEYQRTLLTTPTSATTESGIEIKECAYGKPSDDVQILLDLIIKENKAQHLLWLQRILIECCFVKLTLRSGLKVPEGDHIMEPVAYHCICKQKSIPVVQWNNEQSTTMLYQPFVLLLHKLGIQLPADAGSIFARIPDYWTPETMYGLAKKLGPLDKRELKSTTEKNNPFVIPQR,,
fruit fly,Drosophila melanogaster,Timeless,Diptera,33571,NP_001137780.2,No,,7227,,,,,,,,MDWLLATPQLYSAFSSLGCLEGDTYVVNPNALAILEEINYKLTYEDQTLRTFRRAIGFGQNVRSDLIPLLENAKDDAVLESVIRILVNLTVPVECLFSVDVMYRTDVGRHTIFELNKLLYTSKEAFTEARSTKSVVEYMKHILESDPKLSPHKCDQINNCLLLLRNILHIPETHAHCVMPMMQSMPHGISMQNTILWNLFIQSIDKLLLYLMTCPQRAFWGVTMVQLIALIYKDQHGSGDSSPMLTSDPTSDSSDNGSNGRGMGGGMREGTAATLQEVSRKGQEYQNAMARVPADKPDGSEEASDMTGNDSEQPGSPEQSQPAGESMDDGDYEDQRHRQLNEHGEEDEDEDEVEEEEYLQLGPASEPLNLTQQPADKVNNTTNPTSSAPQGCLGNEPFKPPPPLPVRASTSAHAQMQKFNESSYASHVSAVKLGQKSPHAGQLQLTKGKCCPQKRECPSSQSELSDCGYGTQVENQESISTSSNDDDGPQGKPQHQKPPCNTKPRNKPRTIMSPMDKKELRRKKLVKRSKSSLINMKGLVQHTPTDDDISNLLKEFTVDFLLKGYSYLVEELHMQLLSNAKVPIDTSHFFWLVTYFLKFAAQLELDMEHIDTILTYDVLSYLTYEGVSLCEQLELNARQEGSDLKPYLRRMHLVVTAIREFLQAIDTYNKVTHLNEDDKAHLRQLQLQISEMSDLRCLFVLLLRRFNPSIHSKQYLQDLVVTNHILLLILDSSAKLGGCQTIRLSEHITQFATLEVMHYYGILLEDFNNNGEFVNDCIFTMMHHIGGDLGQIGVLFQPIILKTYSRIWEADYELCDDWSDLIEYVIHKFMNTPPKSPLTIPTTSLTEMTKEHNQEHTVCSWSQEEMDTLYWYYVQSKKNNDIVGKIVKLFSNNGNKLKTRISIIQQLLQQDIITLLEYDDLMKFEDAEYQRTLLTTPTSATTESGIEIKECAYGKPSDDVQILLDLIIKENKAQHLLWLQRILIECCFVKLTLRSGLKVPEGDHIMEPVAYHCICKQKSIPVVQWNNEQSTTMLYQPFVLLLHKLGIQLPADAGSIFARIPDYWTPETMYGLAKKLGPLDKLNLKFDASELEDATASSPSRYHHTGPRNSLSSVSSLDVDLGDTEELALIPEVDAAVEKAHAMASTPSPSEIFAVPKTKHCNSIIRYTPDPTPPVPNWLQLVMRSKCNHRTGPSGDPSDCIGSSSTTVDDEGFGKSISAATSQAASTSMSTVNPTTTLSLNMLNTFMGSHNENSSSSGCGGTVSSLSMVALMSTGAAGGGGNTSGLEMDVDASMKSSFERLEVNGSHFSRANNLDQEYSAMVASVYEKEKELNSDNVSLASDLTRMYVSDEDDRLERTEIRVPHYH,,
fruit fly,Drosophila melanogaster,Timeless,Diptera,33571,NP_722912.3,No,,7227,,,,,,,,MDWLLATPQLYSAFSSLGCLEGDTYVVNPNALAILEEINYKLTYEDQTLRTFRRAIGFGQNVRSDLIPLLENAKDDAVLESVIRILVNLTVPVECLFSVDVMYRTDVGRHTIFELNKLLYTSKEAFTEARSTKSVVEYMKHILESDPKLSPHKCDQINNCLLLLRNILHIPETHAHCVMPMMQSMPHGISMQNTILWNLFIQSIDKLLLYLMTCPQRAFWGVTMVQLIALIYKDQHVSTLQKLLSLWFEASLSESSEDNESNTSPPKQGSGDSSPMLTSDPTSDSSDNGSNGRGMGGGMREGTAATLQEVSRKGQEYQNAMARVPADKPDGSEEASDMTGNDSEQPGSPEQSQPAGESMDDGDYEDQRHRQLNEHGEEDEDEDEVEEEEYLQLGPASEPLNLTQQPADKVNNTTNPTSSAPQGCLGNEPFKPPPPLPVRASTSAHAQMQKFNESSYASHVSAVKLGQKSPHAGQLQLTKGKCCPQKRECPSSQSELSDCGYGTQVENQESISTSSNDDDGPQGKPQHQKPPCNTKPRNKPRTIMSPMDKKELRRKKLVKRSKSSLINMKGLVQHTPTDDDISNLLKEFTVDFLLKGYSYLVEELHMQLLSNAKVPIDTSHFFWLVTYFLKFAAQLELDMEHIDTILTYDVLSYLTYEGVSLCEQLELNARQEGSDLKPYLRRMHLVVTAIREFLQAIDTYNKVTHLNEDDKAHLRQLQLQISEMSDLRCLFVLLLRRFNPSIHSKQYLQDLVVTNHILLLILDSSAKLGGCQTIRLSEHITQFATLEVMHYYGILLEDFNNNGEFVNDCIFTMMHHIGGDLGQIGVLFQPIILKTYSRIWEADYELCDDWSDLIEYVIHKFMNTPPKSPLTIPTTSLTEMTKEHNQEHTVCSWSQEEMDTLYWYYVQSKKNNDIVGKIVKLFSNNGNKLKTRISIIQQLLQQDIITLLEYDDLMKFEDAEYQRTLLTTPTSATTESGIEIKECAYGKPSDDVQILLDLIIKENKAQHLLWLQRILIECCFVKLTLRSGLKVPEGDHIMEPVAYHCICKQKSIPVVQWNNEQSTTMLYQPFVLLLHKLGIQLPADAGSIFARIPDYWTPETMYGLAKKLGPLDKLNLKFDASELEDATASSPSRYHHTGPRNSLSSVSSLDVDLGDTEELALIPEVDAAVEKAHAMASTPSPSEIFAVPKTKHCNSIIRYTPDPTPPVPNWLQLVMRSKCNHRTGPSGDPSDCIGSSSTTVDDEGFGKSISAATSQAASTSMSTVNPTTTLSLNMLNTFMGSHNENSSSSGCGGTVSSLSMVALMSTGAAGGGGNTSGLEMDVDASMKSSFERLEVNGSHFSRANNLDQEYSAMVASVYEKEKELNSDNVSLASDLTRMYVSDEDDRLERTEIRVPHYH,,
fruit fly,Drosophila melanogaster,Timeless,Diptera,33571,NP_001137781.2,No,,7227,,,,,,,,MDWLLATPQLYSAFSSLGCLEGDTYVVNPNALAILEEINYKLTYEDQTLRTFRRAIGFGQNVRSDLIPLLENAKDDAVLESVIRILVNLTVPVECLFSVDVMYRTDVGRHTIFELNKLLYTSKEAFTEARSTKSVVEYMKHILESDPKLSPHKCDQINNCLLLLRNILHIPETHAHCVMPMMQSMPHGISMQNTILWNLFIQSIDKLLLYLMTCPQRAFWGVTMVQLIALIYKDQHVSTLQKLLSLWFEASLSESSEDNESNTSPPKQGSGDSSPMLTSDPTSDSSDNGSNGRGMGGGMREGTAATLQEVSRKGQEYQNAMARVPADKPDGSEEASDMTGNDSEQPGSPEQSQPAGESMDDGDYEDQRHRQLNEHGEEDEDEDEVEEEEYLQLGPASEPLNLTQQPADKVNNTTNPTSSAPQGCLGNEPFKPPPPLPVRASTSAHAQMQKFNESSYASHVSAVKLGQKSPHAGQLQLTKGKCCPQKRECPSSQSELSDCGYGTQVENQESISTSSNDDDGPQGKPQHQKPPCNTKPRNKPRTIMSPMDKKELRRKKLVKRSKSSLINMKGLVQHTPTDDDISNLLKEFTVDFLLKGYSYLVEELHMQLLSNAKVPIDTSHFFWLVTYFLKFAAQLELDMEHIDTILTYDVLSYLTYEGVSLCEQLELNARQEGSDLKPYLRRMHLVVTAIREFLQAIDTYNKVTHLNEDDKAHLRQLQLQISEMSDLRCLFVLLLRRFNPSIHSKQYLQDLVVTNHILLLILDSSAKLGGCQTIRLSEHITQFATLEVMHYYGILLEDFNNNGEFVNDCIFTMMHHIGGDLGQIGVLFQPIILKTYSRIWEADYELCDDWSDLIEYVIHKFMNTPPKSPLTIPTTSLTEMTKEHNQEHTVW,,
fruit fly,Drosophila melanogaster,Timeless,Diptera,33571,NP_001188686.2,No,,7227,,,,,,,,MDWLLATPQLYSAFSSLGCLEGDTYVVNPNALAILEEINYKLTYEDQTLRTFRRAIGFGQNVRSDLIPLLENAKDDAVLESVIRILVNLTVPVECLFSVDVMYRTDVGRHTIFELNKLLYTSKEAFTEARSTKSVVEYMKHILESDPKLSPHKCDQINNCLLLLRNILHIPETHAHCVMPMMQSMPHGISMQNTILWNLFIQSIDKLLLYLMTCPQRAFWGVTMVQLIALIYKDQHVSTLQKLLSLWFEASLSESSEDNESNTSPPKQGSGDSSPMLTSDPTSDSSDNGSNGRGMGGGMREGTAATLQEVSRKGQEYQNAMARVPADKPDGSEEASDMTGNDSEQPGSPEQSQPAGESMDDGDYEDQRHRQLNEHGEEDEDEDEVEEEEYLQLGPASEPLNLTQQPADKVNNTTNPTSSAPQGCLGNEPFKPPPPLPVRASTSAHAQMQKFNESSYASHVSAVKLGQKSPHAGQLQLTKGKCCPQKRECPSSQSELSDCGYGTQVENQESISTSSNDDDGPQGKPQHQKPPCNTKPRNKPRTIMSPMDKKELRRKKLVKRSKSSLINMKGLVQHTPTDDDISNLLKEFTVDFLLKGYSYLVEELHMQLLSNAVPIDTSHFFWLVTYFLKFAAQLELDMEHIDTILTYDVLSYLTYEGVSLCEQLELNARQEGSDLKPYLRRMHLVVTAIREFLQAIDTYNKVTHLNEDDKAHLRQLQLQISEMSDLRCLFVLLLRRFNPSIHSKQYLQDLVVTNHILLLILDSSAKLGGCQTIRLSEHITQFATLEVMHYYGILLEDFNNNGEFVNDCIFTMMHHIGGDLGQIGVLFQPIILKTYSRIWEADYELCDDWSDLIEYVIHKFMNTPPKSPLTIPTTSLTEMTKEHNQEHTVW,,
fruit fly,Drosophila melanogaster,Timeless,Diptera,33571,NP_001033872.2,No,,7227,,,,,,,,MDWLLATPQLYSAFSSLGCLEGDTYVVNPNALAILEEINYKLTYEDQTLRTFRRAIGFGQNVRSDLIPLLENAKDDAVLESVIRILVNLTVPVECLFSVDVMYRTDVGRHTIFELNKLLYTSKEAFTEARSTKSVVEYMKHILESDPKLSPHKCDQINNCLLLLRNILHIPETHAHCVMPMMQSMPHGISMQNTILWNLFIQSIDKLLLYLMTCPQRAFWGVTMVQLIALIYKDQHVSTLQKLLSLWFEASLSESSEDNESNTSPPKQGSGDSSPMLTSDPTSDSSDNGSNGRGMGGGMREGTAATLQEVSRKGQEYQNAMARVPADKPDGSEEASDMTGNDSEQPGSPEQSQPAGESMDDGDYEDQRHRQLNEHGEEDEDEDEVEEEEYLQLGPASEPLNLTQQPADKVNNTTNPTSSAPQGCLGNEPFKPPPPLPVRASTSAHAQMQKFNESSYASHVSAVKLGQKSPHAGQLQLTKGKCCPQKRECPSSQSELSDCGYGTQVENQESISTSSNDDDGPQGKPQHQKPPCNTKPRNKPRTIMSPMDKKELRRKKLVKRSKSSLINMKGLVQHTPTDDDISNLLKEFTVDFLLKGYSYLVEELHMQLLSNAKVPIDTSHFFWLVTYFLKFAAQLELDMEHIDTILTYDVLSYLTYEGVSLCEQLELNARQEGSDLKPYLRRMHLVVTAIREFLQAIDTYNKVTHLNEDDKAHLRQLQLQISEMSDLRCLFVLLLRRFNPSIHSKQYLQDLVVTNHILLLILDSSAKLGGCQTIRLSEHITQFATLEVMHYYGILLEDFNNNGEFVNDCIFTMMHHIGGDLGQIGVLFQPIILKTYSRIWEADYELCDDWSDLIEYVIHKFMNTPPKSPLTIPTTSLTEMTKEHNQEHTVCSWSQEEMDTLYWYYVQSKKNNDIVGKIVKLFSNNGNKLKTRISIIQQLLQQDIITLLEYDDLMKFEDAEYQRTLLTTPTSATTESGIEIKECAYGKPSDDVQILLDLIIKENKAQHLLWLQRILIECCFVKLTLRSGLKVPEGDHIMEPVAYHCICKQKSIPVVQWNNEQSTTMLYQPFVLLLHKLGIQLPADAGSIFARIPDYWTPETMYGLAKKLGPLDKRELKSTTEKNNPFVIPQR,,
fruit fly,Drosophila melanogaster,Timeless,Diptera,33571,NP_722913.3,No,,7227,,,,,,,,MDWLLATPQLYSAFSSLGCLEGDTYVVNPNALAILEEINYKLTYEDQTLRTFRRAIGFGQNVRSDLIPLLENAKDDAVLESVIRILVNLTVPVECLFSVDVMYRTDVGRHTIFELNKLLYTSKEAFTEARSTKSVVEYMKHILESDPKLSPHKCDQINNCLLLLRNILHIPETHAHCVMPMMQSMPHGISMQNTILWNLFIQSIDKLLLYLMTCPQRAFWGVTMVQLIALIYKDQHVSTLQKLLSLWFEASLSESSEDNESNTSPPKQGSGDSSPMLTSDPTSDSSDNGSNGRGMGGGMREGTAATLQEVSRKGQEYQNAMARVPADKPDGSEEASDMTGNDSEQPGSPEQSQPAGESMDDGDYEDQRHRQLNEHGEEDEDEDEVEEEEYLQLGPASEPLNLTQQPADKVNNTTNPTSSAPQGCLGNEPFKPPPPLPVRASTSAHAQMQKFNESSYASHVSAVKLGQKSPHAGQLQLTKGKCCPQKRECPSSQSELSDCGYGTQVENQESISTSSNDDDGPQGKPQHQKPPCNTKPRNKPRTIMSPMDKKELRRKKLVKRSKSSLINMKGLVQHTPTDDDISNLLKEFTVDFLLKGYSYLVEELHMQLLSNAVPIDTSHFFWLVTYFLKFAAQLELDMEHIDTILTYDVLSYLTYEGVSLCEQLELNARQEGSDLKPYLRRMHLVVTAIREFLQAIDTYNKVTHLNEDDKAHLRQLQLQISEMSDLRCLFVLLLRRFNPSIHSKQYLQDLVVTNHILLLILDSSAKLGGCQTIRLSEHITQFATLEVMHYYGILLEDFNNNGEFVNDCIFTMMHHIGGDLGQIGVLFQPIILKTYSRIWEADYELCDDWSDLIEYVIHKFMNTPPKSPLTIPTTSLTEMTKEHNQEHTVCSWSQEEMDTLYWYYVQSKKNNDIVGKIVKLFSNNGNKLKTRISIIQQLLQQDIITLLEYDDLMKFEDAEYQRTLLTTPTSATTESGIEIKECAYGKPSDDVQILLDLIIKENKAQHLLWLQRILIECCFVKLTLRSGLKVPEGDHIMEPVAYHCICKQKSIPVVQWNNEQSTTMLYQPFVLLLHKLGIQLPADAGSIFARIPDYWTPETMYGLAKKLGPLDKLNLKFDASELEDATASSPSRYHHTGPRNSLSSVSSLDVDLGDTEELALIPEVDAAVEKAHAMASTPSPSEIFAVPKTKHCNSIIRYTPDPTPPVPNWLQLVMRSKCNHRTGPSGDPSDCIGSSSTTVDDEGFGKSISAATSQAASTSMSTVNPTTTLSLNMLNTFMGSHNENSSSSGCGGTVSSLSMVALMSTGAAGGGGNTSGLEMDVDASMKSSFERLEVNGSHFSRANNLDQEYSAMVASVYEKEKELNSDNVSLASDLTRMYVSDEDDRLERTEIRVPHYH,,
fruit fly,Drosophila melanogaster,Timeless,Diptera,33571,NP_722914.3,No,,7227,,,,,,,,MDWLLATPQLYSAFSSLGCLEGDTYVVNPNALAILEEINYKLTYEDQTLRTFRRAIGFGQNVRSDLIPLLENAKDDAVLESVIRILVNLTVPVECLFSVDVMYRTDVGRHTIFELNKLLYTSKEAFTEARSTKSVVEYMKHILESDPKLSPHKCDQINNCLLLLRNILHIPETHAHCVMPMMQSMPHGISMQNTILWNLFIQSIDKLLLYLMTCPQRAFWGVTMVQLIALIYKDQHVSTLQKLLSLWFEASLSESSEDNESNTSPPKQGSGDSSPMLTSDPTSDSSDNGSNGRGMGGGMREGTAATLQEVSRKGQEYQNAMARVPADKPDGSEEASDMTGNDSEQPGSPEQSQPAGESMDDGDYEDQRHRQLNEHGEEDEDEDEVEEEEYLQLGPASEPLNLTQQPADKVNNTTNPTSSAPQGCLGNEPFKPPPPLPVRASTSAHAQMQKFNESSYASHVSAVKLGQKSPHAGQLQLTKGKCCPQKRECPSSQSELSDCGYGTQVENQESISTSSNDDDGPQGKPQHQKPPCNTKPRNKPRTIMSPMDKKELRRKKLVKRSKSSLINMKGLVQHTPTDDDISNLLKEFTVDFLLKGYSYLVEELHMQLLSNAKVPIDTSHFFWLVTYFLKFAAQLELDMEHIDTILTYDVLSYLTYEGVSLCEQLELNARQEGSDLKPYLRRMHLVVTAIREFLQAIDTYNKVTHLNEDDKAHLRQLQLQISEMSDLRCLFVLLLRRFNPSIHSKQYLQDLVVTNHILLLILDSSAKLGGCQTIRLSEHITQFATLEVMHYYGILLEDFNNNGEFVNDCIFTMMHHIGGDLGQIGVLFQPIILKTYSRIWEADYELCDDWSDLIEYVIHKFMNTPPKSPLTIPTTSLTEMTKEHNQEHTVCSWSQEEMDTLYWYYVQSKKNNDIVGKIVKLFSNNGNKLKTRISIIQQLLQQDIITLLEYDDLMKFEDAEYQRTLLTTPTSATTESGIEIKECAYGKPSDDVQILLDLIIKENKAQHLLWLQRILIECCFVKLTLRSGLKVPEGDHIMEPVAYHCICKQKSIPVVQWNNEQSTTMLYQPFVLLLHKLGIQLPADAGSIFARIPDYWTPETMYGLAKKLGPLDKLNLKFDASELEDATASSPSRYHHTGPRNSLSSVSSLDVDLGDTEELALIPEVDAAVEKAHAMASTPSPSEIFAVPKTKHCNSIIRYTPDPTPPVPNWLQLVMRSKCNHRTGPSGDPSDCIGSSSTTVDDEGFGKSISAATSQAASTSMSTVNPTTTLSLNMLNTFMGSHNENSSSSGCGGTVSSLSMVALMSTGAAGGGGNTSGLEMDVDASMKSSFERLEVNGSHFSRANNLDQEYSAMVASVYEKEKELNSDNVSLASDLTRMYVSDEDDRLERTEIRVPHYH,,
monarch butterfly,Danaus plexippus,Timeless,Lepidoptera,116765334,XP_032510677.1,No,,13037,,,,,,,,MEWVHRSPQIHSTFSNLGFTNGDGYHINENYNAVLESILQNILTEDKQLRSYRRSINFGQNIKKDLIPLLINTKDDKTIVLVIKILVNLTIPVECLLSLDSVGRTDVGRHTIFEINNLLTSTKAAITDHRVTKVVIDFLKKNAEIDQSSKLSSDECTNISNGLLLLRNILHIPEEINNPSYNPRTVQNQILWNLFSQSIDKVLIKLMNITDAINWGVTMVQIIALLYKDQHVTTLQKLLNLWLEASLSESSEDNESNTSPPNRGSDDSSPMLTSDPTSDSSDAGASGKSNGEQNSVNNSWDSSSRNNSDNGKPSFDSQKENELANDSSESNENNMYIGNSKDNLEESSSNDNNHISNDHSNSHNMKNNEKKTIISEPSDCGYGTQIENRESISTSSNEDELPTTKPVHQKPHNTKQRTNNKVRAGVTLQDRKRKKIVKRGKANIINVQGLLHNTPTDDDISNVLKEFTVDFLLKGYNSLVRTLHTQILTNVQLEIDTSHFFWLVTYFLKFATQIELDLEHVCSVLSYEIILYLTAEGVNLCEQFELAIKLDGSDLKPSIRRLHLVVTAIREFVQAIEVYKKSAHLSSNDQEKLLKLQMKMAQTEELRSLLVLLLRHYHPKYHSKQYLQDLIVTNHILLMFLDSVMKLPQYEGPNTMVDHIKQFASPEIMHQYGLLLEDYEGNGGFVNDCIFTLMHHVGGELGSLISLFQPKILKTFTSIWKSEFEICDDWSDLIEYVINTFIKKPYKLQNYSNIQLEMEIFDDDMKPKENLIDPEPAPEIISVMKKVNENENITDGWNEEEISSLNWNYMQCNTAVDVVEEILRMLKEDGIVKTRESIIKELYRQLIINKEEFEGLSKVDSDKNSKAIRDKRENEIGKLCEQLRQDGKSLFLDWVQAVLLETCFAKIHVNKIEVDRVRQSSYTTQDAHRHVFDTMLKRNTDMPVISPVSYHSLLLNQSVPLVPWNNEQAAVCKDLKFLQLAHKLGFHMPVDTGKVLIRIPNFWTPDFLYEVAEKISPINKSKLRFSLSDINACGGGGGCQARGVLSEPPPGTHDYFQIHKQKHVATIVNFTPISILTEEVVVSKSSVEAPPVAVLPPALVLPSAINMKQDGSGYVNNDSEYNSVCETASVASDLTRMYVSDEDDKPEPLRHVKPRDLAPDDASAEKRPRVQFTEHF,,
monarch butterfly,Danaus plexippus,Timeless,Lepidoptera,116765334,XP_032510676.1,Yes,,13037,,,,,,,,MEWVHRSPQIHSTFSNLGFTNGDGYHINENYNAVLESILQNILTEDKQLRSYRRSINFGQNIKKDLIPLLINTKDDKTIVLVIKILVNLTIPVECLLSLDSVGRTDVGRHTIFEINNLLTSTKAAITDHRVTKVVIDFLKKNAEIDQSSKLSSDECTNISNGLLLLRNILHIPEEINNPSYNPRTVQNQILWNLFSQSIDKVLIKLMNITDAINWGVTMVQIIALLYKDQHVTTLQKLLNLWLEASLSESSEDNESNTSPPNRGSDDSSPMLTSDPTSDSSDAGASGKSNGEQNSVNNSWDSSSRNNSDNGKPSFDSQKENELANDSSESNENNMYIGNSKDNLEESSSNDNNHISNDHSNSHNMKNNEKKTIISEPSDCGYGTQIENRESISTSSNEDELPTTKPVHQKPHNTKQRTNNKVRAGVTLQDRKRKKIVKRGKANIINVQGLLHNTPTDDDISNVLKEFTVDFLLKGYNSLVRTLHTQILTNVQLEIDTSHFFWLVTYFLKFATQIELDLEHVCSVLSYEIILYLTAEGVNLCEQFELAIKLDGSDLKPSIRRLHLVVTAIREFVQAIEVYKKSAHLSSNDQEKLLKLQMKMAQTEELRSLLVLLLRHYHPKYHSKQYLQDLIVTNHILLMFLDSVMKLPQYEGPNTMVDHIKQFASPEIMHQYGLLLEDYEGNGGFVNDCIFTLMHHVGGELGSLISLFQPKILKTFTSIWKSEFEICDDWSDLIEYVINTFIKKPYKLQNYSNIQLEMEIFDDDMKPKENLIDPEPAPEIISVMKKVNENENITDGWNEEEISSLNWNYMQCNTAVDVVEEILRMLKEDGIVKTRESIIKELYRQLIINKEEFEGLSKVDSDKNSKAIRDKRENEIGKLCEQLRQDGKSLFLDWVQAVLLETCFAKIHVNKIEVDRVRQSSYTTQDAHRHVFDTMLKRNTDMPVISPVSYHSLLLNQSVPLVPWNNEQAAVCKDLKFLQLAHKLGFHMPVDTGKVLIRIPNFWTPDFLYEVAEKISPINKSKLRFSLSDINACGGGGGCQARGVLSEPPPGTHDYFQIHKQKHVATIVNFTPMPGPSFSTTDEDYKPNWLEMVQKSQEYKITLDLGKSILTEEVVVSKSSVEAPPVAVLPPALVLPSAINMKQDGSGYVNNDSEYNSVCETASVASDLTRMYVSDEDDKPEPLRHVKPRDLAPDDASAEKRPRVQFTEHF,,
cabbage looper,Trichoplusia ni,Timeless,Lepidoptera,113501470,XP_026738429.1,Yes,,7111,,,,,,,,MEWVLRSPQIHSTFSNLGLLHADGYHINENCNAALETILQNIITEDKYLRTYRRSISFGQNIKKDLIPLLIHAKEDTTIELLIRILVNLTIPIECLLSVDVISRNDFGRHTIFEINNLLSSTKVAFTDQRATKVVIDFLKKNVDFEQKTKLSKEHCTNISNSLLLLRNILHIPEEPSSQSPNYNGPPHAVQNQILWNIFSQSIDKVLIKLMIIPDANKWAVTMVQLIALLYKDQHVVTLHKLLNLWIETSLSESSEDNESNTSPPDRGMCSSPMCTSEQTSDSSDTGGSGKSNDDPNSENKGWDASSEVNSSNENANQPFRTPEVKKSDDKKKYSMVNSNDDTMKSDNEKASCSSGIQSERSDQGQSGQQNGKKNVISETSDCGYGTQIENQESISTSSNEDELPSKKPVHQKPHNPKQRANTKVRSGITMQDRKRKKIVKRGKSNIINVQGLSHKTPTDDDISNVLKEFTVDFLLKGYNSLVQTLHNQILTNLQLEIDTSHFFWLVTYFLKFASQIELDLEHVCSVLSIDIVSYLTAEGVNLCEQFELAIKLDGNDLKPNIRRLHLVVTAIREIIQAIEVYKKFTHICQEDQDALLKLQFQMCETEELRSLFVLLLRHYNPKYHSKQYLQDVIVTNHILLMFLDSAMKLPDYNGSTNMPDHIRQFASSEIMYQYGLLLEDYAGNGEFVNDCIFTLMHHVGGELESLITLFQPKILKTFTSIWKTEFEICDDWSDLIEYVINTFIKKPHTLQSTANFRLDNENFDDDKTVAKPTATLAAQSKPETEIKKKSANSNASSTKEKLLSSWTEDELSSLSWNYMQCSALPDVVGEIIKLYKEDDIVKSRDSVIKELFKQNLISKDEFDKFISGENDRRSKTVQANKEKRDDEISKLCEQLTQDGKAKSLDWVQKVLLETCFAKIYLEKLARKSDAEEDEDEGETKLTTLRKSNDLHVLSPVSYHSLLFNQSVALVPWNCKQAAICKDLKFLQLLHKLGFYMPVDSGKVFIRIPHFWSADLLYDVAAKISPIDESNLKFSINDISNSSVTNTVPQESLMLPELTKDITMIESPENFYQIHKQKHLATMVNFTPMPGSSFNSESGDVEKQNWLEVVQKSQEYKIALNLGSGIVKDEDSSSDIVMQLPVKEAEACAAPLLLAGAAGPALPAALHTKPDAAHFSGPVAEAEYYSVCETASVASDLTRMYVSDEDEKPEVLIRPVIEIKPLSEDRGDDVDEDNEGKRTRVQFYTPF,,
cabbage looper,Trichoplusia ni,Timeless,Lepidoptera,113501470,XP_026738428.1,No,,7111,,,,,,,,MEWVLRSPQIHSTFSNLGLLHADGYHINENCNAALETILQNIITEDKYLRTYRRSISFGQNIKKDLIPLLIHAKEDTTIELLIRILVNLTIPIECLLSVDVISRNDFGRHTIFEINNLLSSTKVAFTDQRATKVVIDFLKKNVDFEQKTKLSKEHCTNISNSLLLLRNILHIPEEPSSQSPNYNGPPHAVQNQILWNIFSQSIDKVLIKLMIIPDANKWAVTMVQLIALLYKDQHVVTLHKLLNLWIETSLSESSEDNESNTSPPDRGMCSSPMCTSEQTSDSSDTGGSGKSNDDPNSENKGWDASSEVNSSNENANQPFRTPEVKKSDDKKKYSMVNSNDDTMKSDNEKASCSSGIQSERSDQGQSGQQNGKKNVISETSDCGYGTQIENQESISTSSNEDELPSKKPVHQKPHNPKQRANTKVRSGITMQDRKRKKIVKRGKSNIINVQGLSHKTPTDDDISNVLKEFTVDFLLKGYNSLVQTLHNQILTNLQLEIDTSHFFWLVTYFLKFASQIELDLEHVCSVLSIDIVSYLTAEGVNLCEQFELAIKLDGNDLKPNIRRLHLVVTAIREIIQAIEVYKKFTHICQEDQDALLKLQFQMCETEELRSLFVLLLRHYNPKYHSKQYLQDVIVTNHILLMFLDSAMKLPDYNGSTNMPDHIRQFASSEIMYQYGLLLEDYAGNGEFVNDCIFTLMHHVGGELESLITLFQPKILKTFTSIWKTEFEICDDWSDLIEYVINTFIKKPHTLQSTANFRLDNENFDDDKTVAKPTATLAAQSKPETEIKKKSANSNASSTKEKLLSSWTEDELSSLSWNYMQCSALPDVVGEIIKLYKEDDIVKSRDSVIKELFKQNLISKDEFDKFISGENDRRSKTVQANKEKRDDEISKLCEQLTQDGKAKSLDWVQKVLLETCFAKIYLEKLARKSDAEEDEDEGETKLTTLRKSNDLHVLSPVSYHSLLFNQSVALVPWNCKQAAICKDLKFLQLLHKLGFYMPVDSGKVFIRIPHFWSADLLYDVAAKISPIDESNLKFSINDISNSSVTNTVPQESLMLPELTKDITMIESPENFYQIHKQKHLATMVNFTPMPGSSFNSESGDVEKQNWLEVVQKSQEYKIALNLGSGIVKDEDSSSDIVMQLPVKEAEACAAPLLLAGAAGPALPAALHTKPDAAHFSGPVAEAEYYSVCETASVASDLTRMYVSDEDEKPEVLIRPVIEIKPLSEDRGDDVDEDNEGKRTRVQFYTPF,,
cabbage looper,Trichoplusia ni,Timeout,Lepidoptera,113500526,XP_026737157.1,Yes,,7111,,,,,,,,MTSLLSAELSATCNALGTYDKKNGKYLIDDFTLNTVKDLIRYLRRDGEDHEIRRHFGQTKVLQTDLLPMLVDHWENAELFDVTLRLLVNLTNPALLLYREEVPTERTARHNYLQILSHLQAYKEEAFTKVETWSIFAKKLGKILEIDWTERDEDTGLIIERILILIRNVLHVPADLDKERRPENDASVHDQVLWGLNQSGILDIILYMSSENEKQYFMHILEIISHLLREQNPSSLADAALQRSVDEKLRDDQELLTIRMSENKQRIHKIKQFSGTRHSRFGGTYVVQNMKSLSDNEMICLKPLNKISNLDFTGGKKSKLVKPKNRRPVESGSLERRSAFAIRLFLKEFCIEFINSSYNPLMHYVKDVLVRAKAQQNDESYYLWAVKFFMEFNRGHNFQVGLVSETMSVPMFHYVQQQMEKYYDMIKVEKKKYTSWVRRLHLALRAYKELLNTLLAMDKSSDPTVKESAKVLKSNIFYVLEYREFILSTVLNYDENKMPRSYLVDLMETVHLFLKMLEHFCKKTGLVVQKKVRKKKSKPKKPKPVQKPKAVPTAAWEEVRAQLAVVLTSNDHEHAPPFDAASDVPIDQQKEICMKNIQKSLRGYKFENAVGMFRAAREVWPEEGIFGTEGITEDEELTMLETVYNADLGVEESENTQDVEETQENSEYDDEEEEEERQNTAVVETDFDFQDFVIRFCNPRVVSACVSLLEQFEKNLPHTNHSIIKMLHRIAWDCKRPSMMFQASLFVIFQRILDNRLPQFKELEKFAIFILRKFTEIASKNTKVFIELLFWKNAKDSLDIEYGYDLYTDQRDKPERGTWSEEQEEELRRLYMENQTNPESEQDVIDWILENLIDQTRTRRGVIKKLKELGLIFRAPTKKSHREAAKEKAPKVFSEEEDQLLKDLWEEFKDAPDPMGVIIPRMPRKRQKRSYVDRLLELGMIQDKGECRKKRTKKSNAKSNGADDDKSNSSSSGSDDSDSDNTPAVKKPAKNSKSSKPTNKKASKPKRVELTANEIARLMVQAVDNDLTEALKWLAENLEEVALDQEAEGYDPESEGTPLVPISQEAVDAMANEMFKKLLLGVGVVPPSDEQETYWRIPSSLHFETIRKRREIIIKAINKELIIDTSETTEANTEIAARADESSDDDDLFDNLRKMRENNAENVINKSSGTEPNNEITRNRKRIRSDSESENSGRKMQKIDEGDENSDDDILSFAKKTLQQELPDSEDIMINIPTMNTDDSDAEDNDGIVVSKGNKKKRRIVIDDDSD,,
red fire ant,Solenopsis invicta,Timeout,Hymenoptera,105205832,XP_039305903.1,No,,13686,,,,,,,,MADYLSAELTATCSAIGYFDGTTYLLDNNCLDVIKDLIRYLKRDDDTHTIRRFLGQTKVLQTDLVKILMYHVENTELWDVLLRLLINLTSSAFVIYNEQIPTEKTTYSLYQQIVSYLQEYKAALADENVWSVVAGRLGNLLNIDSSERGEENELTIERILAFIRNVLQVPPNDNDKRADNDATVHDEVLFAFHASGIVDILLFIVSNNQEQQYHMQILEIISLMLREQNASVLATSGLQRSTAERENDEATLVALRQKELREKINKVKKYAGSRHSRFGGTYVVQNMKATGENQMICHKPYQKIEALEFGHNKKRVKRRKDKMSLQDPKEERTSALSVRLFLKEFCVEFLSGVYNSVMKFTRSCFINDTHGQAVETAVYLWALRFFMEFNRHYKFQVKYVSETISTEVFYLVQRQIEQYYEMIIVDKKKIPLWSRRLHLALKAYQELLNNLMVMEKSRDDGVRESSKIIKSNIFYVPEYRETILSQLLCFDEVKMSRQYLVDLVTTVHIFLKMLEQFCQKNTRHLVVQKAKSKRTKTKKKKKPTQENVTTAPTLEERWDTIGPELSAVMRDAVIPVMVPFDATLDTPIDDQKADAMKRIQKLMRQRNLEQAVGLLRAARDIWPENDCFGKVDILPEEEFLALHEIFFAELGVVEDQAVIQETINADGDSDNSENREENEEEEDEDEEEERETVYQETDFKLDEFIQRFANVKVVKALALLMQQFESNSIEVNHYVAKMLHRIAWNCKMPGMIFQASIFRIFQKILESKNPEHKELQKFAVFIIRRFIEVAQKNRKSYMELLFWKTTRDATEIVDGYSAETNNKKVSRATWTEAEEDELRTLFMEHQTNKYPQDLIDWLLENVVNENRTRRTIIKKLKEMCLIVNSKGVRAEVQKRLPKEWSEEEIAQLTELWTQFKDDDDPVDLIFNGLKIKRPKPKIKEKLLELGLAQDRRELRKKRTRKSNQGKSSWETQAASNSDGNESSATDDEDGEETRKSSKRGGAPRRSEAPSTKKKQWNRRKLPTIVYTDAQLSGLLKDVIDRDMREALEWLKESLQDAVDDRDEESSEGIPLVPLTDYSSVAMDSPSFQKLLRAMGFVPPADAQESYWRIPANILTATLQKRYKLIGDALAGEFVVEETRKDSDTDERADDNESEDDDNVFENVRKLFAPKGDTSNVRNRVRMLDSSSESEIERDIDDKNDDTKRNRSDSSSDTDKPSTKKRRLLDSDEEAEPLRSDYTKANGAPVIISDNEELLPNVRAERPKLSRVIISDEED,,
red fire ant,Solenopsis invicta,Timeout,Hymenoptera,105205832,XP_011173664.2,Yes,,13686,,,,,,,,MADYLSAELTATCSAIGYFDGTTYLLDNNCLDVIKDLIRYLKRDDDTHTIRRFLGQTKVLQTDLVKILMYHVENTELWDVLLRLLINLTSSAFVIYNEQIPTEKTTYSLYQQIVSYLQEYKAALADENVWSVVAGRLGNLLNIDSSERGEENELTIERILAFIRNVLQVPPNDNDKRADNDATVHDEVLFAFHASGIVDILLFIVSNNQEQQYHMQILEIISLMLREQNASVLATSGLQRSTAERENDEATLVALRQKELREKINKVKKYAGSRHSRFGGTYVVQNMKATGENQMICHKPYQKIEALEFGHNKKRVKRRKDKMSLQDPKEERTSALSVRLFLKEFCVEFLSGVYNSVMKFTRSCFINDTHGQAVETAVYLWALRFFMEFNRHYKFQVKYVSETISTEVFYLVQRQIEQYYEMIIVDKKKIPLWSRRLHLALKAYQELLNNLMVMEKSRDDGVRESSKIIKSNIFYVPEYRETILSQLLCFDEVKMSRQYLVDLVTTVHIFLKMLEQFCQKNTRHLVVQKAKSKRTKTKKKKKPTQENVTTAPTLEERWDTIGPELSAVMRDAVIPVMVPFDATLDTPIDDQKADAMKRIQKLMRQRNLEQAVGLLRAARDIWPENDCFGKVDILPEEEFLALHEIFFAELGVVEDQAVIQETINADGDSDNSENREENEEEEDEDEEEERETVYQETDFKLDEFIQRFANVKVVKALALLMQQFESNSIEVNHYVAKMLHRIAWNCKMPGMIFQASIFRIFQKILESKNPEHKELQKFAVFIIRRFIEVAQKNRKSYMELLFWKTTRDATEIVDGYSAETNNKKVSRATWTEAEEDELRTLFMEHQTNKYPQDLIDWLLENVVNENRTRRTIIKKLKEMCLIVNSKGVRAEVQKRLPKEWSEEEIAQLTELWTQFKDDDDPVDLIFNGLKIKRPKPKIKEKLLELGLAQDRRELRKKRTRKSNQGKSSWETQAASNSDGNESSATDDEDGEETRKSSKRGGAPRRSEAPSTKKKQWNRRKLPTIVYTDAQLSGLLKDVIDRDMREALEWLKESLQDAVDDRDEESSEGIPLVPLTDYSSVAMDSPSFQKLLRAMGFVPPADAQESYWRIPANILTATLQKRYKLIGDALAGEFVVEETRKDSDTDERADDNESEDDDNVFENVRKLFAPKEPEPSISGIGQSESSKIAPSQKSKTLSILDDESDEAEITERSDKAEITVKTNKGDTSNVRNRVRMLDSSSESEIERDIDDKNDDTKRNRSDSSSDTDKPSTKKRRLLDSDEEAEPLRSDYTKANGAPVIISDNEELLPNVRAERPKLSRVIISDEED,,
red fire ant,Solenopsis invicta,Timeout,Hymenoptera,105205832,XP_039305902.1,No,,13686,,,,,,,,MADYLSAELTATCSAIGYFDGTTYLLDNNCLDVIKDLIRYLKRDDDTHTIRRFLGQTKVLQTDLVKILMYHVENTELWDVLLRLLINLTSSAFVIYNEQIPTEKTTYSLYQQIVSYLQEYKAALADENVWSVVAGRLGNLLNIDSSERGEENELTIERILAFIRNVLQVPPNDNDKRADNDATVHDEVLFAFHASGIVDILLFIVSNNQEQQYHMQILEIISLMLREQNASVLATSGLQRSTAERENDEATLVALRQKELREKINKVKKYAGSRHSRFGGTYVVQNMKATGENQMICHKPYQKIEALEFGHNKKRVKRRKDKMSLQDPKEERTSALSVRLFLKEFCVEFLSGVYNSVMKFTRSCFINDTHGQAVETAVYLWALRFFMEFNRHYKFQVKYVSETISTEVFYLVQRQIEQYYEMIIVDKKKIPLWSRRLHLALKAYQELLNNLMVMEKSRDDGVRESSKIIKSNIFYVPEYRETILSQLLCFDEVKMSRQYLVDLVTTVHIFLKMLEQFCQKNTRHLVVQKAKSKRTKTKKKKKPTQENVTTAPTLEERWDTIGPELSAVMRDAVIPVMVPFDATLDTPIDDQKADAMKRIQKLMRQRNLEQAVGLLRAARDIWPENDCFGKVDILPEEEFLALHEIFFAELGVVEDQAVIQETINADGDSDNSENREENEEEEDEDEEEERETVYQETDFKLDEFIQRFANVKVVKALALLMQQFESNSIEVNHYVAKMLHRIAWNCKMPGMIFQASIFRIFQKILESKNPEHKELQKFAVFIIRRFIEVAQKNRKSYMELLFWKTTRDATEIVDGYSAETNNKKVSRATWTEAEEDELRTLFMEHQTNKYPQDLIDWLLENVVNENRTRRTIIKKLKEMCLIVNSKGVRAEVQKRLPKEWSEEEIAQLTELWTQFKDDDDPVDLIFNGLKIKRPKPKIKEKLLELGLAQDRRELRKKRTRKSNQGKSSWETQAASNSDGNESSATDDEDGEETRKSSKRGGAPRRSEAPSTKKKQWNRRKLPTIVYTDAQLSGLLKDVIDRDMREALEWLKESLQDAVDDRDEESSEGIPLVPLTDYSSVAMDSPSFQKLLRAMGFVPPADAQESYWRIPANILTATLQKRYKLIGDALAGEFVVEETRKDSDTDERADDNESEDDDNVFENVRKLFAPKEPEPSISGIGQSESSKIAPSQKSKTLSILDDESDEAEITERSDKAEITVKTNKGDTSNVRNRVRMLDSSSESEIERDIDDKNDDTKRNRSDSSSDTDKPSTKKRRLLDSDEEAEPLRSDYTKANGAPVIISDNEELLPNVRAERPKLSRVIISDEED,,
red fire ant,Solenopsis invicta,Timeout,Hymenoptera,105205832,XP_011173663.2,No,,13686,,,,,,,,MADYLSAELTATCSAIGYFDGTTYLLDNNCLDVIKDLIRYLKRDDDTHTIRRFLGQTKVLQTDLVKILMYHVENTELWDVLLRLLINLTSSAFVIYNEQIPTEKTTYSLYQQIVSYLQEYKAALADENVWSVVAGRLGNLLNIDSSERGEENELTIERILAFIRNVLQVPPNDNDKRADNDATVHDEVLFAFHASGIVDILLFIVSNNQEQQYHMQILEIISLMLREQNASVLATSGLQRSTAERENDEATLVALRQKELREKINKVKKYAGSRHSRFGGTYVVQNMKATGENQMICHKPYQKIEALEFGHNKKRVKRRKDKMSLQDPKEERTSALSVRLFLKEFCVEFLSGVYNSVMKFTRSCFINDTHGQAVETAVYLWALRFFMEFNRHYKFQVKYVSETISTEVFYLVQRQIEQYYEMIIVDKKKIPLWSRRLHLALKAYQELLNNLMVMEKSRDDGVRESSKIIKSNIFYVPEYRETILSQLLCFDEVKMSRQYLVDLVTTVHIFLKMLEQFCQKNTRHLVVQKAKSKRTKTKKKKKPTQENVTTAPTLEERWDTIGPELSAVMRDAVIPVMVPFDATLDTPIDDQKADAMKRIQKLMRQRNLEQAVGLLRAARDIWPENDCFGKVDILPEEEFLALHEIFFAELGVVEDQAVIQETINADGDSDNSENREENEEEEDEDEEEERETVYQETDFKLDEFIQRFANVKVVKALALLMQQFESNSIEVNHYVAKMLHRIAWNCKMPGMIFQASIFRIFQKILESKNPEHKELQKFAVFIIRRFIEVAQKNRKSYMELLFWKTTRDATEIVDGYSAETNNKKVSRATWTEAEEDELRTLFMEHQTNKYPQDLIDWLLENVVNENRTRRTIIKKLKEMCLIVNSKGVRAEVQKRLPKEWSEEEIAQLTELWTQFKDDDDPVDLIFNGLKIKRPKPKIKEKLLELGLAQDRRELRKKRTRKSNQGKSSWETQAASNSDGNESSATDDEDGEETRKSSKRGGAPRRSEAPSTKKKQWNRRKLPTIVYTDAQLSGLLKDVIDRDMREALEWLKESLQDAVDDRDEESSEGIPLVPLTDYSSVAMDSPSFQKLLRAMGFVPPADAQESYWRIPANILTATLQKRYKLIGDALAGEFVVEETRKDSDTDERADDNESEDDDNVFENVRKLFAPKEPEPSISGIGQSESSKIAPSQKSKTLSILDDESDEAEITERSDKAEITVKTNKGDTSNVRNRVRMLDSSSESEIERDIDDKNDDTKRNRSDSSSDTDKPSTKKRRLLDSDEEAEPLRSDYTKANGAPVIISDNEELLPNVRAERPKLSRVIISDEED,,
black-legged tick,Ixodes scapularis,Timeless,Ixodida,120838164,XP_040063874.2,Yes,,6945,,,,,,,,MDLALQSKASKDTIRELHGLLIETKRSFLDVRSTETIMKALRAKMKSVRLVEKLGKLWDQEPSELTENDLEGLSNCLVLLRNLLHVPDKSESAKFGISENTYDDWLSVHNKLIWNLFVHGLDGVLILMLNSEYKVNWAVVAVQIIALLYKDQDVGSLQHLISNSTSTSESSEDDIESNTSKHSMHHTSSNDSVQQQSLNKLVGGTAVNSSGPPSTAGDSGYCQSDFTSCSNNSRMSGRDKGDPTRELSTSSASADNLTSSSNGQSSSSDEDNQVKEHIKDPHHKASAKHRAMHSADSPSGSDSSNEDELLARSKQRSLVAMSRKSKSQLKGGKCTPSVCLEAAVSSLEFRSTLRDPVWDRKKTLVLLDVSAHVPSNDDISNILQSFTISFLHSGFGALVVELMKVNQDKGASLIDRCHFLWVVGYFTGLATALGLSFHHVKPVLSVEVVGLLVYEAIAVCNELDLDAHNSAESSKLLKKRYHLVVRAFRELIAAIGTYNSRCKGDDMRRICVSLAKLEDLRNIPLLLIRKWAAMPGQLLVDLIITNHLLLLILEYAQKTEGGLEIDILGHLTQFATTEVMEKYGEVLKDFRTNSMLVNDCVFTMMHHVAGDLKRPEALFHPSILSCFVNILNEGAEIPELYEDLVGYVMNRYLKLAGRNPELYAERMPVVHKGAPASSTQPLVVPPFYYDETSDSDSDLDEGDDNALYWCFLQFEYDSDPVGQIVEHLKRNDVRRTRREILDQLKFKRVISNTQCEKLEEKERQFLLNSSKVKDHAESQEVVNEEISEITDLVLKLKGLGFESQLQWIQKKFLEVCYVKLKSNRPLVDAEPVALHYTLLGQSVPIVAFSEIQSTALKNLDFFQLLQKLGLHVPKPGQCPYIPCSWEPDKLYATARKLGPLSSRKLAKLCFPAANR,,
burying beetle,Nicrophorus vespilloides,Timeout,Coleoptera,108567601,XP_017783660.1,No,,110193,,,,,,,,NKAVSKSGPTQAQESQDEYEEDEEDELMMDMSMCESDLKFNEVVMRLANPRIVRACGLALSNFSKNSALTNHCIIKLLHRIAFDCSMSTMLFQVSIFRIFERIYEEKVLPQNKEMVKFASYVIRQFFQVAEKNQHVFMEALFWKNHREAFDIQEGYGVYFQKQSAVKAWTDMEEDELRKLFIEHRENLIEEDVVDWIVSNLIDNTRTRRVVLKKLKDMCLLIDYKGPRKSGISGKAPKQWGEDEEAQLQELYEEFKDAMDPLNCIMPRLDVHRPKNRIIEKLLVMGLVQDRKELRKKRSNKSHQQHGRSDEDGSSDSESEMSSEQRNRSNPDGLKLSAKKKTNKKKKNNNKKESSGHARRASVRDLSATLISLMAAGEHADALGWLKESFEDAIEDLDDDADEGVPLVPIMDQQVAAMDSEEFKGLLRGLGISEPSDEQETYWRMPPSLSMKTMKENCDLIAKALDKTLTVPEIEEEEPIEEPQQERPVDSSSDDEDVFDRLKRLRQEPVNVSTPPKLEKKRELTHEETMAEVVKSVKINKIKSKLSDLSKKRAVNKAMSLIDFENDDDDVEEEPSSSKPKRRIRAMDSSDDEETDDKTEMVGPDESNRLSFKPSRILDYDSDDDTSKVEGESNNERPFKTMQGLESDSDEDIAVSSKRIGGRSQILDSDDEESNKRSRSASDTEDKPIVKKARVIASDDED,,
burying beetle,Nicrophorus vespilloides,Timeout,Coleoptera,108558671,XP_017771147.1,No,,110193,,,,,,,,MSTLLSAELVATCNSLGYYNAESDKYLADDNTQESVKDLIRYLRRDDGSHDIRRQLGETKVVQTDLLPLLKNYWEETELFDTLLRLLVNLTTPALMLWEEEMPKELAPRNHYLQIEEHLQSYKEAFVDEAVWAVLSSRISKILEMDVGERGDDNGMIIERILILIRNILYVPADSDAERRPDNDASIHDQVLWALHQSGMLDIILYISGSVAERVYYMHVMEILSFMLREQNATHLAQAAVQRSHSEKMRDEAELLAIRHRENNQKANKVKKFSGARHSRFGGTFVVKTMKSISENELICHKPLDKMDALKFDVNKTMSKIPKNRLPVQEQNAERRSAFSIRLFLKEFCVEFLKGAYNTMMYHVKGRLARAKSQHNDESYYLWALRFFMEFNRSYKFEVKLVSETMSVQAFHFVQKQMETYYDMLAMDKKKIRQWSRRLHLSLLAYRELLMTLAAMDKCPDGSVRDSSKVIKSNVFYVPEYREFIITLLVNYDEVKMSRQYLFDLLEAQHVFFKLLESHCGGKTGRVVVQNRLKPQRKKKAKESVETAAPVELNLERMWDEASAQLSVVLEGNLEIPKDVVPFDAGSDVPIDEQKSEAMKNIQRKLRNHEFENAIGLLRASREVWPEDDCFGAADIAVEEEFLALKEIFCADLGGKS,,
burying beetle,Nicrophorus vespilloides,Timeless,Coleoptera,108557741,XP_017769876.1,Yes,,110193,,,,,,,,MQYNQSKKKFTTWMMSNPRTTRNNTFGSLGVRNGDTYNVSENCLANLEEILRKLAVEDQTLRTFRRAIGFEQNIRKDLIPLLINLKDDSGCDARDGGGEGVVVDGKEEGEGVVGKHILYACSGKNGYATKIIDTAIKILVDLTVPVECLLPVEAISRTDIGRHTIFELNHLLTTSKEAFTDSRSTKAVMDHMKHVVEKEAVCRLNVQQCESINNCLLLFRNILHIPNTTMTTRREHQQHHQQMLQGVSNCSLSCRSMQNEIIWNLFTQSIDKIIIYLMTCPQKMYWGVTMVQLIALMYKDQHVGTLQKLLNLWLEDSLSESSEDNESNTSPPGKGSGDSSPVVTSDPTSDSSDNGNAAAATSAIVHSPQIRSKATLLINMKRVKSTETEISTSSGVSSMFTTDTGQREENKRDQLHQQFNQKRKCSQSEISDCGYATQVENRESVYTTSSNDDDQPLQKSMHQKPHHSLQKSRYSNPKNRATIALDRKELRRKKLVKRSKTNIINMKGLMLHTPTDEDISNILKEFTVDFLLKGYGNLVRDLHAQLLANVRQMPIDTSHFFWLVTYFLKFAAHLELDLDHVSPVLSYDIISYLTFQGVWLCEELEIGWGMPFADIAVDLKPCLRRLHLVVTAIREYLQAVETYQKSSHLTIEDHCALQKLQAQISQTGDLRHLFLLLLRQYKPSIQSRQYLQDLIVTNHIFLLFLDGIRDKDINIMEHLKQFATVEIMGQYGLLLEEFRENGEFVNNCVFTMMHHIGGDLQHVSKLFQPNILKTFSQIWETDYEICDDWSDLIEYVIHKFINTPRANCCPGSSSSTSAAAAVVSTWTSITTTTAAAAAGLVAGLRREKPTADINTMSTTWTHEDRKNLAVFYKRCIDGGDTIASITKKFQEIATKSRRSQQAFVEELLQQGVISRRQFDEFVKYQTTDNDEVHHEEVIPPLIISDEVNDLHELASNDIGILKEHLCKENKSKLIIWLQNITMEACFAKLALANGNIHGFLDDAITEPSAHHYALLHLPIPVIPWTSEQNNALKHRPFVLLLHNLGFYLPADTGKIFVRIPDFWTADHLFSVAQQLGPIDSDQIKFDIGLLKGRQKNAECFDEMWVTPEANSNGNKFSTSSLHYHGRQTPSMVRYTPLPNSAEWIRTVLEESKIVDVDCALGRSNELSIAIPRIEEKSLPNNLTPPDVRIAERAEPIDMETSQTEEEDKELPFTMNEDTYETTSVASDLTRMCVSDEEEKNI,,
red flour beetle,Tribolium castaneum,Timeout,Coleoptera,659838,XP_015840765.1,No,,7070,,,,,,,,MSSLLSAELAATCSALGYYDATSNKYYADSNTLETVKDLIRYLRRDDESHDIRRQLGEIKVLQNDLVPLLKSYWEETDLFDVLLRLLVNLTTPALMLWNEELPTDKITRNHYLQIEDHLKSYKQTFADETFWAVLSTRLSKILETSYAERGDENSLIIERILILIRNILYVPPDPNTEKRPDNDASIHDQVLWALHQSGMLDIILFITSSTNEKAYYMHTLEILSFMLREQKAAELARAALQRSETEKMRDEAELLAIRHRETNQKQQKIKLYNGASETMAVQTFRYVQQLTEKYFDMIQSDKKNAVLWSRRLHLALLAYRELFLTLCAMDKSPDETVRDSARVIKSNIFYIVEYREFVITLLMTYDELKMSNAYLKDLMETQHVFIKLLESFCGSNGSVVVQKKLKKKGRKKKASQDDGVPQPDVNLERRWDEAAPQLSTVLEGNADFSTDVVPFDAASDVPIDEQKAEAMKNVQRKLRNADYENAISLLRAAREVWPENNCFGSNNMAPEEEFLALRDIFFADLGDDEPTPTIEEQPIYDENDEEEDEEAGYGEVNFKFTDFSKRLAHPRIVRACGLALRDFESNSVNTNHCIIKLLHRIAFDCKLYVMIFQVSIFRTFQKIYANKDFPQYRELVKFATYIIRQFIKITEINKKVYMESLFFKNTNEAYEIEHGYGTTKKAPSRGWTEEEEDELRRLFMEHQTNQLQDDVVDWIVNNLIDNTRTRRAVLKKLKDMCLLVNPATMRKSTRCEWGDEEVMQLRALFHEFRDAADPLGCIMPRLEVKRSRQMLTKKLLDLGVIRDKADVRKKRGGAKRPTATRRDSDSESNGSEDDDYGGGASRGDNSAAQRNTTKTKSKKKKPVTRQVNMASDARIAALFIKLVESGMSEALEWLKDSFSDAVEDFENDDGCEGIPLVPIMDYAVNAMENADFIETLKALGVAEPFDEQEMYWRIPGNLSVDVIRKYIDLLQQAVDNTLTVPESQQTGETKNIAPPTSLKKKKKIRNLVDSEDDASNDGARETEDGDEDKSQNRKQKQGRNVVSSDEDETNDGANNTQTSVSRSRCVIESDEEEDNSTVSPQVKKSVRRIIDEDEDEENDINKRNRIESDSEAEKPAPKRTRTISSDED,,
red flour beetle,Tribolium castaneum,Timeout,Coleoptera,659838,XP_008201051.1,Yes,,7070,,,,,,,,MSSLLSAELAATCSALGYYDATSNKYYADSNTLETVKDLIRYLRRDDESHDIRRQLGEIKVLQNDLVPLLKSYWEETDLFDVLLRLLVNLTTPALMLWNEELPTDKITRNHYLQIEDHLKSYKQTFADETFWAVLSTRLSKILETSYAERGDENSLIIERILILIRNILYVPPDPNTEKRPDNDASIHDQVLWALHQSGMLDIILFITSSTNEKAYYMHTLEILSFMLREQKAAELARAALQRSETEKMRDEAELLAIRHRETNQKQQKIKLYNGARHSRFGGTYVLKSMKSISDNELIYHKPLNKLEALNFDADKRKPKTPKNRMPVQSSTFERRSAFSIRLFLKEFCVEFLNGAYNTLMYHVKDNLVRARAQAHDESYYLWALRFFMEFNRCYKFEVKLVSETMAVQTFRYVQQLTEKYFDMIQSDKKNAVLWSRRLHLALLAYRELFLTLCAMDKSPDETVRDSARVIKSNIFYIVEYREFVITLLMTYDELKMSNAYLKDLMETQHVFIKLLESFCGSNGSVVVQKKLKKKGRKKKASQDDGVPQPDVNLERRWDEAAPQLSTVLEGNADFSTDVVPFDAASDVPIDEQKAEAMKNVQRKLRNADYENAISLLRAAREVWPENNCFGSNNMAPEEEFLALRDIFFADLGDDEPTPTIEEQPIYDENDEEEDEEAGYGEVNFKFTDFSKRLAHPRIVRACGLALRDFESNSVNTNHCIIKLLHRIAFDCKLYVMIFQVSIFRTFQKIYANKDFPQYRELVKFATYIIRQFIKITEINKKVYMESLFFKNTNEAYEIEHGYGTTKKAPSRGWTEEEEDELRRLFMEHQTNQLQDDVVDWIVNNLIDNTRTRRAVLKKLKDMCLLVNPATMRKSTRCEWGDEEVMQLRALFHEFRDAADPLGCIMPRLEVKRSRQMLTKKLLDLGVIRDKADVRKKRGGAKRPTATRRDSDSESNGSEDDDYGGGASRGDNSAAQRNTTKTKSKKKKPVTRQVNMASDARIAALFIKLVESGMSEALEWLKDSFSDAVEDFENDDGCEGIPLVPIMDYAVNAMENADFIETLKALGVAEPFDEQEMYWRIPGNLSVDVIRKYIDLLQQAVDNTLTVPESQQTGETKNIAPPTSLKKKKKIRNLVDSEDDASNDGARETEDGDEDKSQNRKQKQGRNVVSSDEDETNDGANNTQTSVSRSRCVIESDEEEDNSTVSPQVKKSVRRIIDEDEDEENDINKRNRIESDSEAEKPAPKRTRTISSDED,,
red flour beetle,Tribolium castaneum,Timeless,Coleoptera,657878,XP_008192983.1,Yes,,7070,,,,,,,,MAHIHNMFASICVRNGDTLIINDDCYEILQEILRELLTEDSTLRTYRRAIGFGQNIKKDLIPLLTYLKDDAKESTRIIDTIIKILVNLTIPIEYLLPLEAMSQTDVGRHTIFELTKLLTSSKEAFTDSRSTKLIMDHVKFIVESDLEMNLEYCDSINNCLLLLRNILHVPEVKSVQNNALTHSSMQNQIIWNLFTQSIDKVIIYLISCPQKMYWGVTMVQLIALLYKDQHVGTLQKLLNLWLEASLSESSEDNESNTSPPEQGSDDSSPIITSDPTSDSSDGGGGKRNKTLNSTNLERNKKTLMMRGKSTETETSTSSGVSTAHTSIDSADSPKNDKAPLKNKRECPSSQSEDFGYVTQVENQESISTSSNEEDQPQLKPVHQKPHTFQKSRYNTGKSRAATALDKKELRRKKLVKRSKTNTINMKGLLHHLPTDEDIANILKEFTVDFLLKGYGILVQDLHSQFLTNIHLQIDTSHFFWLVTYFLKFATQLELDLEHVSPVLSHEILSYLVFQGVWIYEELEMSGKIPDFDLKPCLRRLHLVVTAIREFLQAVETYQKMIHLSEDDRLALLKLQNQITEMEDLRSLFLLLLRQYNPNIQSRQYLQDLILTNHNYLLFLDSATKERRSFNMMEHLKQFATVEIMRQYGLLLESFKENGEFVNNCIFTMMHHIGGDLEHVATLFQPSILKTFSLIWETDYEICDDWSDLIEYIIHKFINSPRSNSDLNSSETCHKLVVDEAEWTEEEKDNLLGYYNQSQFSNDTIANITKKYEKCGVRQKTQLSIIRQLLEQNIINESQYNDFIKVKQQPDRLKETKNIIPNQMDFEETPTDEGIRILREYLCKDNKTKFVLWLQKVLINTCYVKLALANPGEFNNDKALGQPVIYYFALLNLPIPVVPWTVDQTAILKYQSFVLLLHKLGFYLPIDTGKIFVTIPNFWNAEHVFSMAQQLGPIDPAKLNFDVAIFKGRNRRELFKREITDITNSIQTGKFSMNDSKQTPTMVRYTPLPNSTEWFQNDNFQSRVLPIADFEVPINSAHPLSITIPGLEELTCDLPPPELSIVDNHVINANMECSPIHSACETASIASDLTRMCVSDEEEKTILVIEQK,,
red flour beetle,Tribolium castaneum,Timeless,Coleoptera,657878,NP_001106936.1,No,,7070,,,,,,,,MAHIHNMFASICVRNGDTLTISDDCYEILQEILRELLTEDSTLRTYRRAIGFGQNIKKDLLPLLTYLKDDAKESTRIIDTIIKILVNLTIPIEYLLPLEAMSQTDVGRHTIFELTKLLTSSKEAFTDSRSTKLIMDHVKFIVESDLEMNLEYCNSINNCLLLLRNILHVPEVKSVQNNALTHSSMQNQIIWNLFTQSIDKVIIYLISCPQKMYWGVTMVQLIALLYKDQHVGTLQKLLNLWLEASLSESSEDNESNTSPPEQGSDDSSPIITSDPTSDSSDGGGGKRNKTLNSTNLERNKKTLMMRGKSTETETSTSSGVSTAHTSIDSADSPKNDKAPLKNKRECPSSQSEDFGYVTQVENQESISTSSNEEDQPQLKPVHQKPHTFQKSRYNTGKSRAATALDKKELRRKKLVKRSKTNTINMKGLLHHLPTDEDIANILKEFTVDFLLKGYGILVQDLHSQFLTNIHLQIDTSHFFWLVTYFLKFATQLELDLEHVSPVLSHEILSYLVFQGVWIYEELEMSGKIPDFDLKPCLRRLHLVVTAIREFLQAVETYQKMIHLSEDDRLALLKLQNQITEMEDLRSLFLLLLRQYNPNIQSRQYLQDLILTNHNYLLFLDSATKERRSFNMMEHLKQFATVEIMRQYGLLLESFKENGEFVNNCIFTMMHHIGGDLEHVATLFQPSILKTFSLIWETDYEICDDWSDLIEYIIHKFINSPRSNSDLNSSETCHKLVVDEAEWTEEEKDNLLGYYNQSQFSNDTIANITKKYEKCGVRQKTQLSIIRQLLEQNIINESQYNDFIKVKQQPDRLKETKNIIPNQMDFEETPTDEGIRILREYLCKDNKTKFVLWLQKVLINTCYVKLALANPGEFNNDKALGQPVIYYFALLNLPIPVVPWTVDQTAILKYQSFVLLLHKLGFYLPIDTGKIFVTIPNFWNAEHVFSMAQQLGPIDPAKLNFDVAIFKGRNRRELFKREITDITNSIQTGKFSMNDSKQTPTMVRYTPFAHPLSITIPGLEELTCDLPPPELSIVDNHVINANMECSPIHSACETASIASDLTRMCVSDEEEKTILVIEQK,,
red flour beetle,Tribolium castaneum,Timeless,Coleoptera,657878,NP_001106934.1,No,,7070,,,,,,,,MAHIHNMFASICVRNGDTLTISDDCYEILQEILRELLTEDSTLRTYRRAIGFGQNIKKDLLPLLTYLKDDAKESTRIIDTIIKILVNLTIPIEYLLPLEAMSQTDVGRHTIFELTKLLTSSKEAFTDSRSTKLIMDHVKFIVESDLEMNLEYCNSINNCLLLLRNILHVPEVKSVQNNALTHSSMQNQIIWNLFTQSIDKVIIYLISCPQKMYWGVTMVQLIALLYKDQHVGTLQKLLNLWLEASLSESSEDNESNTSPPEQGSDDSSPIITSDPTSDSSDGGGGKRNKTLNSTNLERNKKTLMMRGKSTETETSTSSGVSTAHTSIDSADSPKNDKAPLKNKRECPSSQSEDFGYVTQVENQESISTSSNEEDQPQLKPVHQKPHTFQKSRYNTGKSRAATALDKKELRRKKLVKRSKTNTINMKGLLHHLPTDEDIANILKEFTVDFLLKGYGILVQDLHSQFLTNIHLQIDTSHFFWLVTYFLKFATQLELDLEHVSPVLSHEILSYLVFQGVWIYEELEMSGKIPDFDLKPCLRRLHLVVTAIREFLQAVETYQKMIHLSEDDRLALLKLQNQITEMEDLRSLFLLLLRQYNPNIQSRQYLQDLILTNHNYLLFLDSATKERRSFNMMEHLKQFATVEIMRQYGLLLESFKENGEFVNNCIFTMMHHIGGDLEHVATLFQPSILKTFSLIWETDYEICDDWSDLIEYIIHKFINSPRSNSDLNSSETCHKLVVDEAEWTEEEKDNLLGYYNQSQFSNDTIANITKKYEKCGVRQKTQLSIIRQLLEQNIINESQYNDFIKVKQQPDRLKETKNIIPNQMDFEETPTDEGIRILREYLCKDNKTKFVLWLQKVLINTCYVKLALANPGEFNNDKALGQPVIYYFALLNLPIPVVPWTVDQTAILKYQSFVLLLHKLGFYLPIDTGKIFVTIPNFWNAEHVFSMAQQLGPIDPAKLNFDVAIFKGRNRRELFKREITDITNSIQTGKFSMNDSKQTPTMVRYTPLPNSTEWFQNDNFQSRVLPIADFEVPINSAHPLSITIPGLEELTCDLPPPELSIVDNHVINANMECSPIHSACETASIASDLTRMCVSDEEEKTILVIEQK,,
black-legged tick,Ixodes scapularis,Timeout,Ixodida,8038579,XP_040068998.1,Yes,,6945,,,,,,,,MSNSVSSLIHSDIQAACSTLGGWDEGKYFKEPECIESLKDLLRYLRRDDESHEIRRILGRIQVLKTDLLPLLKFYSDDSTLFDIVLRLLVDLTNPAILLYKEEVPIEKFSRNNYLEIISHLQSYKLAFTDSKVWIAITKKLETLLHRNWETRQEEDKDTIERILVLIRNIVHVPANLSEEKRTDDDVSIHDQVLWAMHLAHLEDLLLYISSSEDETDYCFHSLEILSLMLREQSPQVLASAAQARSTSEKEQDVKALLRARELELSRKKAQMQSKPSRHPRFGGTFTVKNMKSISDNALIVRDRVRLSQVDFDRDKNFRAKPKNKRPPLEETTSTRRSTLNIRLFLKGLCVDFLKWSYNPMMRTVKSFLQRERAQSHDESYYFWAMRFFMEFNRCNGFEVGLVSETIAKESFHYVQTQLEQYYEMMVTDKRLIHVWAKRLHIALKAYHELLRTLAAMDGCPDEQVKEAARALKGTLFYLPEYREIVLHLLLNFNDSVQTNSYLRDLVAMVHVYVKMLEQFTKKHSHVVVKSKKKPRSKPKPKARPPAGGAAGQGGQEDQEKLWLEVASGLSLALRGEEELPGDVVPYDSTLDNTEEEKKLDALSRIQTALKANLPARAVALLRASREVWPDQDMFGAEDSGNVPEGGPEFRALREIFCADIQHTAPPPAAAAEDVSAPPDEENASEDRGDEEREDDDEEEEERAPMEQEFNFQDFISRFAKPKVIMVYCKLLSHYRTNPAESNRHVVRMLHRLSWDLKMSPLLYQASVFKSFQAILRDYRSLAATSISEDLRELARLATFVVRDFVETARDNKLAFVELLFWKSTKDAYEIKHGYGSSAKSAHSGKVTWTEEQEYELKALYDRYKDEVTPDKDTVDLILEHMMDASKTRRMVVRQLKNLGLIPNTAKFRKGARAHCPWRAEEIEELRDLFTQYREATDTLRLIMDRMSHKRPKHSVVDKLIELQLVPNRKALRKKTSGRRGTATSSRKGTGGPRLMGLDSELDTTESSSDDDAGRGAPSNETPGQEGTTTSGMSRKGPGGQRLVGLDSELDTTNSSSDGDAGRGDSGGVVARPAQNGRAGRPGPSRTSRGDPMVDVAATSERVKTALAKLVDGGFQESLEWLLSSLEDAVEDWDSEDATSTPLVPLAEAHHSSMEDGEFCSLLRSIGVTPPVDEQEVYWRIPAHMTDTMLQSRIELIRKALQGDFAASLLVPSPPQPAEQTSAKRNTKRMEAMHELLARKALNQNHEGAAEISKQHVSSLLTTSDRQETTVDNLNCGKQRQENRQQPRKQPQYQQRSNHPQHREGKHQKSCSRCGTTHLPRQCPAYGSTCYACGKFGHFAKLCRQKQRVAPRHVRTLDVEEEVTVQDFGLGSLTINDIAEDSLSDWLETVDVSGNPVNFKLDTGSDVNILPEQLVLKWEPHPAIKKTQAKVTTYLGEQLDIQNECQFLYTVKNAQSNVKFLLVKGNLKPILGAAACTALNLLHRVLEIARNNNLKLNKDKLKLGLSTVTYLGHQLTQEGIAPDPEKRFTVKLVHVPGKHLTVADTLSRAPNPAQTIKTVDEEHGVLVCTSVQASTAKLAEIQASTAADEVLKRVTTYIEHGWPNKISKVHPSVRPFYSKRSELYITDGFVCYGERLVVPEACKKDVLSRLHMTHRGIVACKNLASQSVFWPRINQDIEELISSCEVCQRHQRANQREPLLDRDLPIRPWEKVAMDFFYHGGTTYLLVVDYYSKFVEVKKMSTTTASALISVLKELYACHGIPSEVVSDQGPPFDSVEYRSFNKEWDIVHNPSSPLFPRSNGQAERTIQTIMATMTKALSEGKDLALVLMTYRATPKEPASLVLAWKKLEKSSCDTAPPFVSPMQQTRHHKLNPARLAQEDLSSKSARRREQPSPKSSGDEESSGTSSDEDVVVVLSPPPSLTEASATAIREGNVKRKRTALPEDSDSELDSSGHVIARKKAKDGTASISPRSPSMSKTTKGRRVVLRDSDDDEDDDVVSLPDPFAATEDFHDPAPRQEVEGRRQPKRLVVLDDSDDDDRDNDMGDGTERADDHAVTVIDDDSVAESGANPDVVSSATGVVPLDDSDDDEVIVAGKDSGAAGENRTASSIKRAVIVSSDDED,,
African malaria mosquito,Anopheles gambiae,Timeout,Diptera,5668064,XP_061513618.1,Yes,,7165,,,,,,,,MSAYFADIDAVCSSLGWMDGEVYKMDPEAVQGLKHLIWILKQDRPAHECRRYIGGKRIVQTDLIPMVISNFDKPDVVDVLLRLLVNLSFPTLLLYNGNYPKDAAEQRKFIRLMEICEEYKEAFSLKSFWSVLGDRLEKILHTDWALRSEADGLIIERILVLIRNVLQVPANVEREKRFDNDASQHDCLLWALHQAGILDIILYILGSPHENRFLIHTLEILSLAYREQSAVHLADATLQRTNTEKKTDELLLIKARQPTAAAAAATTPAALGKPPAGRHSRFRGTYTFNNVKSISDSDAVCHQSLGKIMRMDFSSEKHRQKVSFRNAKETETFERKSIFSVRLFLREYCMEILRVYNNMVRQARRYLSQHGTSVSEFHDDSYLLWAIRFFLEFNRHSGFKIELVSESLNIDTFHWTVTRMDTYTENITTDKTRKAVWARRLHLTIQTYRELLNNMHALEKIKDTAASELLSVLQNNIFYVVEYRETTLHLLTSFKEALHTKAYLRDVIEVAHLFFSMLQRFCKGTVRVQERVKAKRKKAKKQPRKKTTEEEEENIENRWLQEAPTIASLLENGELKQQELPTPFDSASSVPVEEQKGDCLKSIHSLLRKKNYEQAIKMLYAARSVWTTSSCFGSETATPDEDLITLQDIFAANLSSATDADDNDGEVQDDSEEEDELEEEEIVKHEEKDFKFEEFSKRLVDYRVVYACTTVLTDWEKIKTTCLKAAVTLLYRICVEHKMPSMLFQVSLLRIFQAVLNAIEDEHSRELRRLAIYTVRQLQQKVLTGAEDDGGLLFAELLFAKTSRIACALEIGYDEVFNDNGRKSTASQKAWTEEQEQELHRLFMENQENPQTDQDVIDWLLENLIDQTRTRRGVMKKLKEMGLTFKAPTKKSNANRQQKANAWTADEDGKLGVLYEELRLDKNPLKSIAEAFDKKFTRPAIARRMVYLGLIADVAEIMPSKRRANKERRASGSDGSSQDDQRNSNSSDEEEEEEKEEEFNQSINKQLNEPLVKKNLKALRGDDMKQAVRWIVECFEEVRSLYEDSDPSEDTEGGVPMIPIAPYQTAALKKPEFKRLLRSLGVMDTGRQFVYHRIPFQLTPEELKKRMEILTAFCEAPTAADEDEEAGDRSVVSPSAASEDEMDKNNHYEEERRSMSPLIVSEDDHADEDRPANPTAATSKRNRSDSSDATSEVSLVQRRKKNKRVKSQSTAKSSKQRTSASQLAESDDEVKIISPKQTRLVISDDESDMETTSKQATGGVSSQGDDMGETIAPKQTRLVISDDDSETEASPKQQTTGGGSSTSELPAEGQSPENRSKSQKVRRRAAVISSDEE,,
African malaria mosquito,Anopheles gambiae,Timeless,Diptera,5668288,XP_061517394.1,No,,7165,,,,,,,,MEWLLANPQINSTFGSLGTFEDDAYHLSEDCLVTLEEIICKLAVEDATLRTFRRAIGFGQNVKNDIVPLLVNAKDVKIIDTTIRLLVNLTVPVECLLPVDLVSKSEIGRHTIFELNKLLITSKEAFVDWKTTKAVIDHMKGILERDTKLSIQQCDSVNNCLLLLRNILHVPEMGTGAGGHGGSCYPTAGHNTSFQNQIIWNLFTQSIDKLLIYLMSCPQRAYWGVTMAQLVALMYKDQHISTLQKLLNLWFESTLSESSEDNESNTSPPKQCSGDSSPMLTSDPTSDSSDNGSGKMPSSMSKECASEAPQVTRMVADFPTQIILSRAIKSHQMYHQTLKANAASSDGCVLGGGTTCGSASAGGGKPSCNGSGAHQQQQHQQQQQQQLCDHQKATELQEVSRNFPKKSKGGAGGTKCHQDSSGSSSSSGVFCKQSTASGKDQAMKESSKPSNGSQSCPQQQQQQQQQQVQSPPKSPTLQSQQQQQQQQQQQQQQQSQTQQQQSQQQTQKQIQVSQSENSDCGYGTQVEKESISTSSNEDDSPHQKPVHQKPPSNQKQRFNAANKQRNPVSVQEKKELRRKKLVKRGKSNIINMKGLMHHVPTDDDISHILKEFTVDFLLKGYGYLVHELHTQLLSDLQVQIDTSHFFWLVTYFLKFATQLELDLEHINSVLSFDIISYLTYEGVMLCEQLEQLSRATETDIKPCLRRIHLVVTAIREFLQALDTYKKSTHLTKEDKEKLKLLQLQISCTEDLRCLFVLLLRCYNPNIQSRQYLQDLIVTNHTLLLLLDGVRELTADGNPGDMLGHIKQFATVEIMHQYGLLLEDFRENGAFVNDCIFTMMHHVGGDLGHINVLFQPSILKTYSQIWETEYELCDDWSDLIEYVIHKFINTPQPAPLTLSTTLPDIGTQLLSGNLLVTWTQEEKDSLHWYYVQCRQSKCVVADILKLFQENGNQQKTRLSIIEQLLEQNIVTLVQYDDLMKVENPDYERNVQTPALSVASADSPKPEDGDSKSSSKAVDDIQVLRDRLQKENRGKLIAWLQKSLLDCCFVKLNLLSGNIYVTAGIGGSTGVVVMEPVSYHCILKKKSIPVVPWNQDQFAILSYQPFILLLHKLGFHLPADAKKMFVRIPEFWTADILYNIALKLGPLDKYSALKSQLTGSM,,
African malaria mosquito,Anopheles gambiae,Timeless,Diptera,5668288,XP_061517393.1,No,,7165,,,,,,,,MEWLLANPQINSTFGSLGTFEDDAYHLSEDCLVTLEEIICKLAVEDATLRTFRRAIGFGQNVKNDIVPLLVNAKDVKIIDTTIRLLVNLTVPVECLLPVDLVSKSEIGRHTIFELNKLLITSKEAFVDWKTTKAVIDHMKGILERDTKLSIQQCDSVNNCLLLLRNILHVPEMGTGAGGHGGSCYPTAGHNTSFQNQIIWNLFTQSIDKLLIYLMSCPQRAYWGVTMAQLVALMYKDQHISTLQKLLNLWFESTLSESSEDNESNTSPPKQCSGDSSPMLTSDPTSDSSDNGSGKMPSSMSKECASEAPQVTRMVADFPTQIILSRAIKSHQMYHQTLKANAASSDGCVLGGGTTCGSASAGGGKPSCNGSGAHQQQQHQQQQQQQLCDHQKATELQEPKKSKGGAGGTKCHQDSSGSSSSSGVFCKQSTASGKDQAMKESSKPSNGSQSCPQQQQQQQQQQVQSPPKSPTLQSQQQQQQQQQQQQQQQSQTQQQQSQQQTQKQIQVSQSENSDCGYGTQVEKESISTSSNEDDSPHQKPVHQKPPSNQKQRFNAANKQRNPVSVQEKKELRRKKLVKRGKSNIINMKGLMHHVPTDDDISHILKEFTVDFLLKGYGYLVHELHTQLLSDLQVQIDTSHFFWLVTYFLKFATQLELDLEHINSVLSFDIISYLTYEGVMLCEQLEQLSRATETDIKPCLRRIHLVVTAIREFLQALDTYKKSTHLTKEDKEKLKLLQLQISCTEDLRCLFVLLLRCYNPNIQSRQYLQDLIVTNHTLLLLLDGVRELTADGNPGDMLGHIKQFATVEIMHQYGLLLEDFRENGAFVNDCIFTMMHHVGGDLGHINVLFQPSILKTYSQIWETEYELCDDWSDLIEYVIHKFINTPQPAPLTLSTTLPDIGTQLLSGNLLVTWTQEEKDSLHWYYVQCRQSKCVVADILKLFQENGNQQKTRLSIIEQLLEQNIVTLVQYDDLMKVENPDYERNVQTPALSVASADSPKPEDGDSKSSSKAVDDIQVLRDRLQKENRGKLIAWLQKSLLDCCFVKLNLLSGNIYVTAGIGGSTGVVVMEPVSYHCILKKKSIPVVPWNQDQFAILSYQPFILLLHKLGFHLPADAKKMFVRIPEFWTADILYNIALKLGPLDKSILKFDLKYLNKVLSMEKQAKADPCPSNDARFSPQITTNWLDVVMRNKAVQSKRNKLDLPGPSKVIDTANATHPSATLKSGGKPAAPSKMLHDLSIIVESNDDDDDELPADEDDGLDSTEVPVLEEHDVVSACETASVASDLTRMYVSDEDDKHDIVPPIL,,
African malaria mosquito,Anopheles gambiae,Timeless,Diptera,5668288,XP_061517391.1,No,,7165,,,,,,,,MEWLLANPQINSTFGSLGTFEDDAYHLSEDCLVTLEEIICKLAVEDATLRTFRRAIGFGQNVKNDIVPLLVNAKDVKIIDTTIRLLVNLTVPVECLLPVDLVSKSEIGRHTIFELNKLLITSKEAFVDWKTTKAVIDHMKGILERDTKLSIQQCDSVNNCLLLLRNILHVPEMGTGAGGHGGSCYPTAGHNTSFQNQIIWNLFTQSIDKLLIYLMSCPQRAYWGVTMAQLVALMYKDQHISTLQKLLNLWFESTLSESSEDNESNTSPPKQCSGDSSPMLTSDPTSDSSDNGSGKMPSSMSKECASEAPQVTRMVADFPTQIILSRAIKSHQMYHQTLKANAASSDGCVLGGGTTCGSASAGGGKPSCNGSGAHQQQQHQQQQQQQLCDHQKATELQEVSRNFPKKSKGGAGGTKCHQDSSGSSSSSGVFCKQSTASGKDQAMKESSKPSNGSQSCPQQQQQQQQQQVQSPPKSPTLQSQQQQQQQQQQQQQQQSQTQQQQSQQQTQKQIQVSQSENSDCGYGTQVEKESISTSSNEDDSPHQKPVHQKPPSNQKQRFNAANKQRNPVSVQEKKELRRKKLVKRGKSNIINMKGLMHHVPTDDDISHILKEFTVDFLLKGYGYLVHELHTQLLSDLQVQIDTSHFFWLVTYFLKFATQLELDLEHINSVLSFDIISYLTYEGVMLCEQLEQLSRATETDIKPCLRRIHLVVTAIREFLQALDTYKKSTHLTKEDKEKLKLLQLQISCTEDLRCLFVLLLRCYNPNIQSRQYLQDLIVTNHTLLLLLDGVRELTADGNPGDMLGHIKQFATVEIMHQYGLLLEDFRENGAFVNDCIFTMMHHVGGDLGHINVLFQPSILKTYSQIWETEYELCDDWSDLIEYVIHKFINTPQPAPLTLSTTLPDIGTQLLSGNLLVTWTQEEKDSLHWYYVQCRQSKCVVADILKLFQENGNQQKTRLSIIEQLLEQNIVTLVQYDDLMKVENPDYERNVQTPALSVASADSPKPEDGDSKSSSKAVDDIQVLRDRLQKENRGKLIAWLQKSLLDCCFVKLNLLSGNIYVTAGIGGSTGVVVMEPVSYHCILKKKSIPVVPWNQDQFAILSYQPFILLLHKLGFHLPADAKKMFVRIPEFWTADILYNIALKLGPLDKSILKFDLKYLNKVLSMEKQAKADPCPSNDARFSPQITTNWLDVVMRNKAVQSKRNKLDLPGPSKVIDTANATHPSATLKSGGKPAAPSKMLHDLSIIVESNDDDDDELPADEDDGLDSTEVPVLEEHDVVSACETASVASDLTRMYVSDEDDKHDIVPPIL,,
African malaria mosquito,Anopheles gambiae,Timeless,Diptera,5668288,XP_061517390.1,No,,7165,,,,,,,,MEWLLANPQINSTFGSLGTFEDDAYHLSEDCLVTLEEIICKLAVEDATLRTFRRAIGFGQNVKNDIVPLLVNAKDVKIIDTTIRLLVNLTVPVECLLPVDLVSKSEIGRHTIFELNKLLITSKEAFVDWKTTKAVIDHMKGILERDTKLSIQQCDSVNNCLLLLRNILHVPEMGTGAGGHGGSCYPTAGHNTSFQNQIIWNLFTQSIDKLLIYLMSCPQRAYWGVTMAQLVALMYKDQHISTLQKLLNLWFESTLSESSEDNESNTSPPKQCSGDSSPMLTSDPTSDSSDNGSGKMPSSMSKECASEAPQVTRMVADFPTQIILSRAIKSHQMYHQTLKANAASSDGCVLGGGTTCGSASAGGGKPSCNGSGAHQQQQHQQQQQQQLCDHQKATELQEVSRNFPKKSKGGAGGTKCHQDSSGSSSSSGVFCKQSTASGKDQAMKESSKPSNGSQSCPQQQQQQQQQQVQSPPKSPTLQSQQQQQQQQQQQQQQQSQTQQQQSQQQTQKQIQVSQSENSDCGYGTQVEKESISTSSNEDDSPHQKPVHQKPPSNQKQRFNAANKQRNPVSVQEKKELRRKKLVKRGKSNIINMKGLMHHVPTDDDISHILKEFTVDFLLKGYGYLVHELHTQLLSDLQVQIDTSHFFWLVTYFLKFATQLELDLEHINSVLSFDIISYLTYEGVMLCEQLEQLSRATETDIKPCLRRIHLVVTAIREFLQALDTYKKSTHLTKEDKEKLKLLQLQISCTEDLRCLFVLLLRCYNPNIQSRQYLQDLIVTNHTLLLLLDGVRELTADGNPGDMLGHIKQFATVEIMHQYGLLLEDFRENGAFVNDCIFTMMHHVGGDLGHINVLFQPSILKTYSQIWETEYELCDDWSDLIEYVIHKFINTPQPAPLTLSTTLPDIGTQLLSGNLLVTWTQEEKDSLHWYYVQCRQSKCVVADILKLFQENGNQQKTRLSIIEQLLEQNIVTLVQYDDLMKVENPDYERNVQTPALSVASADSPKPEDGDSKSSSKAVDDIQVLRDRLQKENRGKLIAWLQKSLLDCCFVKLNLLSGNIYVTAGIGGSTGVVVMEPVSYHCILKKKSIPVVPWNQDQFAILSYQPFILLLHKLGFHLPADAKKMFVRIPEFWTADILYNIALKLGPLDKSILKFDLKYLNKVLSMEKQAKADPCPSNDARFSPQITTNWLDVVMRNKAVQSKRNKLDLPGPSKVIDTANATHPSATLKSGGKPAAPSKMLHDLSIIVESNDDDDDELPADEDDGLDSTEVPVLEEHDVVSACETASVASDLTRMYVSDEDDKHDIVPPIL,,
African malaria mosquito,Anopheles gambiae,Timeless,Diptera,5668288,XP_061517389.1,No,,7165,,,,,,,,MEWLLANPQINSTFGSLGTFEDDAYHLSEDCLVTLEEIICKLAVEDATLRTFRRAIGFGQNVKNDIVPLLVNAKDVKIIDTTIRLLVNLTVPVECLLPVDLVSKSEIGRHTIFELNKLLITSKEAFVDWKTTKAVIDHMKGILERDTKLSIQQCDSVNNCLLLLRNILHVPEMGTGAGGHGGSCYPTAGHNTSFQNQIIWNLFTQSIDKLLIYLMSCPQRAYWGVTMAQLVALMYKDQHISTLQKLLNLWFESTLSESSEDNESNTSPPKQCSGDSSPMLTSDPTSDSSDNGSGKMPSSMSKECASEAPQVTRMVADFPTQIILSRAIKSHQMYHQTLKANAASSDGCVLGGGTTCGSASAGGGKPSCNGSGAHQQQQHQQQQQQQLCDHQKATELQEPKKSKGGAGGTKCHQDSSGSSSSSGVFCKQSTASGKDQAMKESSKPSNGSQSCPQQQQQQQQQQVQSPPKSPTLQSQQQQQQQQQQQQQQQSQTQQQQSQQQTQKQIQVSQSENSDCGYGTQVEKESISTSSNEDDSPHQKPVHQKPPSNQKQRFNAANKQRNPVSVQEKKELRRKKLVKRGKSNIINMKGLMHHVPTDDDISHILKEFTVDFLLKGYGYLVHELHTQLLSDLQVQIDTSHFFWLVTYFLKFATQLELDLEHINSVLSFDIISYLTYEGVMLCEQLEQLSRATETDIKPCLRRIHLVVTAIREFLQALDTYKKSTHLTKEDKEKLKLLQLQISCTEDLRCLFVLLLRCYNPNIQSRQYLQDLIVTNHTLLLLLDGVRELTADGNPGDMLGHIKQFATVEIMHQYGLLLEDFRENGAFVNDCIFTMMHHVGGDLGHINVLFQPSILKTYSQIWETEYELCDDWSDLIEYVIHKFINTPQPAPLTLSTTLPDIGTQLLSGNLLVTWTQEEKDSLHWYYVQCRQSKCVVADILKLFQENGNQQKTRLSIIEQLLEQNIVTLVQYDDLMKVENPDYERNVQTPALSVASADSPKPEDGDSKSSSKAVDDIQVLRDRLQKENRGKLIAWLQKSLLDCCFVKLNLLSGNIYVTAGIGGSTGVVVMEPVSYHCILKKKSIPVVPWNQDQFAILSYQPFILLLHKLGFHLPADAKKMFVRIPEFWTADILYNIALKLGPLDKSILKFDLKYLNKVLSMEKQAKADPCPSNDARLENFGLSRFSPQITTNWLDVVMRNKAVQSKRNKLDLPGPSKVIDTANATHPSATLKSGGKPAAPSKMLHDLSIIVESNDDDDDELPADEDDGLDSTEVPVLEEHDVVSACETASVASDLTRMYVSDEDDKHDIVPPIL,,
African malaria mosquito,Anopheles gambiae,Timeless,Diptera,5668288,XP_061517388.1,No,,7165,,,,,,,,MEWLLANPQINSTFGSLGTFEDDAYHLSEDCLVTLEEIICKLAVEDATLRTFRRAIGFGQNVKNDIVPLLVNAKDVKIIDTTIRLLVNLTVPVECLLPVDLVSKSEIGRHTIFELNKLLITSKEAFVDWKTTKAVIDHMKGILERDTKLSIQQCDSVNNCLLLLRNILHVPEMGTGAGGHGGSCYPTAGHNTSFQNQIIWNLFTQSIDKLLIYLMSCPQRAYWGVTMAQLVALMYKDQHISTLQKLLNLWFESTLSESSEDNESNTSPPKQCSGDSSPMLTSDPTSDSSDNGSGKMPSSMSKECASEAPQVTRMVADFPTQIILSRAIKSHQMYHQTLKANAASSDGCVLGGGTTCGSASAGGGKPSCNGSGAHQQQQHQQQQQQQLCDHQKATELQEPKKSKGGAGGTKCHQDSSGSSSSSGVFCKQSTASGKDQAMKESSKPSNGSQSCPQQQQQQQQQQVQSPPKSPTLQSQQQQQQQQQQQQQQQSQTQQQQSQQQTQKQIQVSQSENSDCGYGTQVEKESISTSSNEDDSPHQKPVHQKPPSNQKQRFNAANKQRNPVSVQEKKELRRKKLVKRGKSNIINMKGLMHHVPTDDDISHILKEFTVDFLLKGYGYLVHELHTQLLSDLQVQIDTSHFFWLVTYFLKFATQLELDLEHINSVLSFDIISYLTYEGVMLCEQLEQLSRATETDIKPCLRRIHLVVTAIREFLQALDTYKKSTHLTKEDKEKLKLLQLQISCTEDLRCLFVLLLRCYNPNIQSRQYLQDLIVTNHTLLLLLDGVRELTADGNPGDMLGHIKQFATVEIMHQYGLLLEDFRENGAFVNDCIFTMMHHVGGDLGHINVLFQPSILKTYSQIWETEYELCDDWSDLIEYVIHKFINTPQPAPLTLSTTLPDIGTQLLSGNLLVTWTQEEKDSLHWYYVQCRQSKCVVADILKLFQENGNQQKTRLSIIEQLLEQNIVTLVQYDDLMKVENPDYERNVQTPALSVASADSPKPEDGDSKSSSKAVDDIQVLRDRLQKENRGKLIAWLQKSLLDCCFVKLNLLSGNIYVTAGIGGSTGVVVMEPVSYHCILKKKSIPVVPWNQDQFAILSYQPFILLLHKLGFHLPADAKKMFVRIPEFWTADILYNIALKLGPLDKSILKFDLKYLNKVLSMEKQAKADPCPSNDARLENFGLSRFSPQITTNWLDVVMRNKAVQSKRNKLDLPGPSKVIDTANATHPSATLKSGGKPAAPSKMLHDLSIIVESNDDDDDELPADEDDGLDSTEVPVLEEHDVVSACETASVASDLTRMYVSDEDDKHDIVPPIL,,
African malaria mosquito,Anopheles gambiae,Timeless,Diptera,5668288,XP_061517387.1,Yes,,7165,,,,,,,,MEWLLANPQINSTFGSLGTFEDDAYHLSEDCLVTLEEIICKLAVEDATLRTFRRAIGFGQNVKNDIVPLLVNAKDVKIIDTTIRLLVNLTVPVECLLPVDLVSKSEIGRHTIFELNKLLITSKEAFVDWKTTKAVIDHMKGILERDTKLSIQQCDSVNNCLLLLRNILHVPEMGTGAGGHGGSCYPTAGHNTSFQNQIIWNLFTQSIDKLLIYLMSCPQRAYWGVTMAQLVALMYKDQHISTLQKLLNLWFESTLSESSEDNESNTSPPKQCSGDSSPMLTSDPTSDSSDNGSGKMPSSMSKECASEAPQVTRMVADFPTQIILSRAIKSHQMYHQTLKANAASSDGCVLGGGTTCGSASAGGGKPSCNGSGAHQQQQHQQQQQQQLCDHQKATELQEVSRNFPKKSKGGAGGTKCHQDSSGSSSSSGVFCKQSTASGKDQAMKESSKPSNGSQSCPQQQQQQQQQQVQSPPKSPTLQSQQQQQQQQQQQQQQQSQTQQQQSQQQTQKQIQVSQSENSDCGYGTQVEKESISTSSNEDDSPHQKPVHQKPPSNQKQRFNAANKQRNPVSVQEKKELRRKKLVKRGKSNIINMKGLMHHVPTDDDISHILKEFTVDFLLKGYGYLVHELHTQLLSDLQVQIDTSHFFWLVTYFLKFATQLELDLEHINSVLSFDIISYLTYEGVMLCEQLEQLSRATETDIKPCLRRIHLVVTAIREFLQALDTYKKSTHLTKEDKEKLKLLQLQISCTEDLRCLFVLLLRCYNPNIQSRQYLQDLIVTNHTLLLLLDGVRELTADGNPGDMLGHIKQFATVEIMHQYGLLLEDFRENGAFVNDCIFTMMHHVGGDLGHINVLFQPSILKTYSQIWETEYELCDDWSDLIEYVIHKFINTPQPAPLTLSTTLPDIGTQLLSGNLLVTWTQEEKDSLHWYYVQCRQSKCVVADILKLFQENGNQQKTRLSIIEQLLEQNIVTLVQYDDLMKVENPDYERNVQTPALSVASADSPKPEDGDSKSSSKAVDDIQVLRDRLQKENRGKLIAWLQKSLLDCCFVKLNLLSGNIYVTAGIGGSTGVVVMEPVSYHCILKKKSIPVVPWNQDQFAILSYQPFILLLHKLGFHLPADAKKMFVRIPEFWTADILYNIALKLGPLDKSILKFDLKYLNKVLSMEKQAKADPCPSNDARLENFGLSRFSPQITTNWLDVVMRNKAVQSKRNKLDLPGPSKVIDTANATHPSATLKSGGKPAAPSKMLHDLSIIVESNDDDDDELPADEDDGLDSTEVPVLEEHDVVSACETASVASDLTRMYVSDEDDKHDIVPPIL,,
African malaria mosquito,Anopheles gambiae,Timeless,Diptera,5668288,XP_061517386.1,No,,7165,,,,,,,,MEWLLANPQINSTFGSLGTFEDDAYHLSEDCLVTLEEIICKLAVEDATLRTFRRAIGFGQNVKNDIVPLLVNAKDVKIIDTTIRLLVNLTVPVECLLPVDLVSKSEIGRHTIFELNKLLITSKEAFVDWKTTKAVIDHMKGILERDTKLSIQQCDSVNNCLLLLRNILHVPEMGTGAGGHGGSCYPTAGHNTSFQNQIIWNLFTQSIDKLLIYLMSCPQRAYWGVTMAQLVALMYKDQHISTLQKLLNLWFESTLSESSEDNESNTSPPKQCSGDSSPMLTSDPTSDSSDNGSGKMPSSMSKECASEAPQVTRMVADFPTQIILSRAIKSHQMYHQTLKANAASSDGCVLGGGTTCGSASAGGGKPSCNGSGAHQQQQHQQQQQQQLCDHQKATELQEVSRNFPKKSKGGAGGTKCHQDSSGSSSSSGVFCKQSTASGKDQAMKESSKPSNGSQSCPQQQQQQQQQQVQSPPKSPTLQSQQQQQQQQQQQQQQQSQTQQQQSQQQTQKQIQVSQSENSDCGYGTQVEKESISTSSNEDDSPHQKPVHQKPPSNQKQRFNAANKQRNPVSVQEKKELRRKKLVKRGKSNIINMKGLMHHVPTDDDISHILKEFTVDFLLKGYGYLVHELHTQLLSDLQVQIDTSHFFWLVTYFLKFATQLELDLEHINSVLSFDIISYLTYEGVMLCEQLEQLSRATETDIKPCLRRIHLVVTAIREFLQALDTYKKSTHLTKEDKEKLKLLQLQISCTEDLRCLFVLLLRCYNPNIQSRQYLQDLIVTNHTLLLLLDGVRELTADGNPGDMLGHIKQFATVEIMHQYGLLLEDFRENGAFVNDCIFTMMHHVGGDLGHINVLFQPSILKTYSQIWETEYELCDDWSDLIEYVIHKFINTPQPAPLTLSTTLPDIGTQLLSGNLLVTWTQEEKDSLHWYYVQCRQSKCVVADILKLFQENGNQQKTRLSIIEQLLEQNIVTLVQYDDLMKVENPDYERNVQTPALSVASADSPKPEDGDSKSSSKAVDDIQVLRDRLQKENRGKLIAWLQKSLLDCCFVKLNLLSGNIYVTAGIGGSTGVVVMEPVSYHCILKKKSIPVVPWNQDQFAILSYQPFILLLHKLGFHLPADAKKMFVRIPEFWTADILYNIALKLGPLDKSILKFDLKYLNKVLSMEKQAKADPCPSNDARLENFGLSRFSPQITTNWLDVVMRNKAVQSKRNKLDLPGPSKVIDTANATHPSATLKSGGKPAAPSKMLHDLSIIVESNDDDDDELPADEDDGLDSTEVPVLEEHDVVSACETASVASDLTRMYVSDEDDKHDIVPPIL,,
African malaria mosquito,Anopheles gambiae,Timeless,Diptera,5668288,XP_061517385.1,No,,7165,,,,,,,,MEWLLANPQINSTFGSLGTFEDDAYHLSEDCLVTLEEIICKLAVEDATLRTFRRAIGFGQNVKNDIVPLLVNAKDVKIIDTTIRLLVNLTVPVECLLPVDLVSKSEIGRHTIFELNKLLITSKEAFVDWKTTKAVIDHMKGILERDTKLSIQQCDSVNNCLLLLRNILHVPEMGTGAGGHGGSCYPTAGHNTSFQNQIIWNLFTQSIDKLLIYLMSCPQRAYWGVTMAQLVALMYKDQHISTLQKLLNLWFESTLSESSEDNESNTSPPKQCSGDSSPMLTSDPTSDSSDNGSGKMPSSMSKECASEAPQVTRMVADFPTQIILSRAIKSHQMYHQTLKANAASSDGCVLGGGTTCGSASAGGGKPSCNGSGAHQQQQHQQQQQQQLCDHQKATELQEVSRNFPKKSKGGAGGTKCHQDSSGSSSSSGVFCKQSTASGKDQAMKESSKPSNGSQSCPQQQQQQQQQQVQSPPKSPTLQSQQQQQQQQQQQQQQQSQTQQQQSQQQTQKQIQVSQSENSDCGYGTQVEKESISTSSNEDDSPHQKPVHQKPPSNQKQRFNAANKQRNPVSVQEKKELRRKKLVKRGKSNIINMKGLMHHVPTDDDISHILKEFTVDFLLKGYGYLVHELHTQLLSDLQVQIDTSHFFWLVTYFLKFATQLELDLEHINSVLSFDIISYLTYEGVMLCEQLEQLSRATETDIKPCLRRIHLVVTAIREFLQALDTYKKSTHLTKEDKEKLKLLQLQISCTEDLRCLFVLLLRCYNPNIQSRQYLQDLIVTNHTLLLLLDGVRELTADGNPGDMLGHIKQFATVEIMHQYGLLLEDFRENGAFVNDCIFTMMHHVGGDLGHINVLFQPSILKTYSQIWETEYELCDDWSDLIEYVIHKFINTPQPAPLTLSTTLPDIGTQLLSGNLLVTWTQEEKDSLHWYYVQCRQSKCVVADILKLFQENGNQQKTRLSIIEQLLEQNIVTLVQYDDLMKVENPDYERNVQTPALSVASADSPKPEDGDSKSSSKAVDDIQVLRDRLQKENRGKLIAWLQKSLLDCCFVKLNLLSGNIYVTAGIGGSTGVVVMEPVSYHCILKKKSIPVVPWNQDQFAILSYQPFILLLHKLGFHLPADAKKMFVRIPEFWTADILYNIALKLGPLDKSILKFDLKYLNKVLSMEKQAKADPCPSNDARLENFGLSRFSPQITTNWLDVVMRNKAVQSKRNKLDLPGPSKVIDTANATHPSATLKSGGKPAAPSKMLHDLSIIVESNDDDDDELPADEDDGLDSTEVPVLEEHDVVSACETASVASDLTRMYVSDEDDKHDIVPPIL,,
jewel wasp,Nasonia vitripennis,Timeout,Hymenoptera,100121375,XP_032453711.1,Yes,,7425,,,,,,,,MTAAALQISDVIYAELTATCDALGYNDGNKFLLDKNAIEVLKDLIRYLKRDDDIHSVRRYLGHSKLLQRDLLKIFVEHVNKTELWNVLLRLLINLTSPALMVYNEELPSEKITRSYYLQILSHLQEYKSAMANDAVWGIIHEKMKNILTIESEERGEENEMIMERILTLIRNVLRVPASDSENRTDNDTSIHDEVLFALNTTGVTELLVYIASSSKEQQYHMQILEIIAFMLQGQNPARLARVGLQRSNHEKEAEEARLVLMRQKEQAEKLAKMKKYAGSRHSRFGGTYVVQNMKAIGDNEMICHKPYQKIEDLNFSVTKQKTKKRKNKNELMSLGEERISALSVRLFLKEFCVEFLNGAYNPVMRYVRSCINGTGAVASDASHYLWALRFFMNFNRHYNFRVKYVSETISTEVFYLVQRQIEHNYEMILSDKKKAAFWSTRMHLGINAYQELLLTLIEMDKSKDDGVKRSSRAIMGNIFYVPEYRDTILSQLLNYNELTMSRDYLVDLVTTVHIFLKMLKNFCEKERNVVVQKVKRKKPKKKSKSANKAATQPAAPLPSLEERWDDVGPEVSAVMQQNEIPVVAPFDGASEVPIDDQKGDAMKRIQKLLRCKDYEQAIGLLRSAREVWPENDSFGKANLSVEEEFLVLREIFFAELGVPDEVPGTQGSGNQVEGLLNYEDEEDDDEENEEEEEETRFEETSFKFMDFLQRFANLRVVSNLAILLKNFERNTPELNHYVLKMFHRIALDCKMPAMLYQASIFRVFQRVFQSDSRVHKELASFARFVFRGFAEVASRNPKAYMELLFWKSTKQATEMVDGYDAEPQAKKSKSAWSEEEEDELRTLFMEHQTNKPSQDVVDYILSNLISQDRTRRGVMKKLKEMYLIVNSKSVRSEVSKRLPKEWSEEEVAQLTELWEQVREEDDPVGLIYDSLRIKRSKPKIKEKLLELNLAEDAKQLRKKRTKKSSGPKSSWENASASEDEDGSGSDEDEDGDGGVSGSDAGKKKKKKEKSRKERKKSKQPAIVYTDAQLSGLLKDVIANNLQEALQWLKESLEESLEDRDEESHEGLALVPLTAETSAAMDSPNFQRFLRGAGIEPPDLEEAYWRIPASMLVTTVKKRIEIIDKALKGEFVEEVVVASRRRGESESDEDDDDFFERLKKYSKRNDGDAESAPSTSQKSASSKSAARKVDENPESPKSDKENHDTENEILSYGNAKRSDSEEEEDKTSPTTKSPDEEKKTKPKRIKTVLDLSDSEDERQPSQEENNDDAIRTDSSQDKTSKSKRVLESDSEEEKMETESQSQTDVRSKIEPKEGSAKSSRIRKVLDSDSEEEAEKLPQDADESSLEAKRTRSENSDSETPMQKKRRVLDSDEEDDFVKEAEKPVEKKRSRVLSDDEE,,
jewel wasp,Nasonia vitripennis,Timeout,Hymenoptera,100121375,XP_031783085.1,No,,7425,,,,,,,,MTAAALQISDVIYAELTATCDALGYNDGNKFLLDKNAIEVLKDLIRYLKRDDDIHSVRRYLGHSKLLQRDLLKIFVEHVNKTELWNVLLRLLINLTSPALMVYNEELPSEKITRSYYLQILSHLQEYKSAMANDAVWGIIHEKMKNILTIESEERGEENEMIMERILTLIRNVLRVPASDSENRTDNDTSIHDEVLFALNTTGVTELLVYIASSSKEQQYHMQILEIIAFMLQGQNPARLARVGLQRSNHEKEAEEARLVLMRQKEQAEKLAKMKKYAGSRHSRFGGTYVVQNMKAIGDNEMICHKPYQKIEDLNFSVTKQKTKKRKNKNELMSLGEERISALSVRLFLKEFCVEFLNGAYNPVMRYVRSCINGTGAVASDASHYLWALRFFMNFNRHYNFRVKYVSETISTEVFYLVQRQIEHNYEMILSDKKKAAFWSTRMHLGINAYQELLLTLIEMDKSKDDGVKRSSRAIMGNIFYVPEYRDTILSQLLNYNELTMSRDYLVDLVTTVHIFLKMLKNFCEKERNVVVQKVKRKKPKKKSKSANKAATQPAAPLPSLEERWDDVGPEVSAVMQQNEIPVVAPFDGASEVPIDDQKGDAMKRIQKLLRCKDYEQAIGLLRSAREVWPENDSFGKANLSVEEEFLVLREIFFAELGVPDEVPGTQGSGNQVEGLLNYEDEEDDDEENEEEEEETRFEETSFKFMDFLQRFANLRVVSNLAILLKNFERNTPELNHYVLKMFHRIALDCKMPAMLYQASIFRVFQRVFQSDSRVHKELASFARFVFRGFAEVASRNPKAYMELLFWKSTKQATEMVDGYDAEPQAKKSKSAWSEEEEDELRTLFMEHQTNKPSQDVVDYILSNLISQDRTRRGVMKKLKEMYLIVNSKSVRSEVSKRLPKEWSEEEVAQLTELWEQVREEDDPVGLIYDSLRIKRSKPKIKEKLLELNLAEDAKQLRKKRTKKSSGPKSSWENASASEDEDGSGSDEDEDGDGGVSGSDAGKKKKKKEKSRKERKKSKQPAIVYTDAQLSGLLKDVIANNLQEALQWLKESLEESLEDRDEESHEGLALVPLTAETSAAMDSPNFQRFLRGAGIEPPDLEEAYWRIPASMLVTTVKKRIEIIDKALKGEFVEEVVVASRRRGESESDEDDDDFFERLKKYSKRNDGDAESAPSTSQKSASSKSAARKVDENPESPKSDKENHDTENEILSYGNAKRSDSEEEEDKTSPTTKSPDEEKKTKPKRIKTVLDLSDSEDERQPSQEENNDDAIRTDSSQDKTSKSKRVLESDSEEEKMETESQSQTDVRSKIEPKEGSAKSSRIRKVLDSDSEEEAEKLPQDADESSLEAKRTRSENSDSETPMQKKRRVLDSDEEDDFVKEAEKPVEKKRSRVLSDDEE,,
jewel wasp,Nasonia vitripennis,Timeout,Hymenoptera,100121375,XP_031783084.1,No,,7425,,,,,,,,MTAAALQISDVIYAELTATCDALGYNDGNKFLLDKNAIEVLKDLIRYLKRDDDIHSVRRYLGHSKLLQRDLLKIFVEHVNKTELWNVLLRLLINLTSPALMVYNEELPSEKITRSYYLQILSHLQEYKSAMANDAVWGIIHEKMKNILTIESEERGEENEMIMERILTLIRNVLRVPASDSENRTDNDTSIHDEVLFALNTTGVTELLVYIASSSKEQQYHMQILEIIAFMLQGQNPARLARVGLQRSNHEKEAEEARLVLMRQKEQAEKLAKMKKYAGSRHSRFGGTYVVQNMKAIGDNEMICHKPYQKIEDLNFSVTKQKTKKRKNKNELMSLGEERISALSVRLFLKEFCVEFLNGAYNPVMRYVRSCINGTGAVASDASHYLWALRFFMNFNRHYNFRVKYVSETISTEVFYLVQRQIEHNYEMILSDKKKAAFWSTRMHLGINAYQELLLTLIEMDKSKDDGVKRSSRAIMGNIFYVPEYRDTILSQLLNYNELTMSRDYLVDLVTTVHIFLKMLKNFCEKERNVVVQKVKRKKPKKKSKSANKAATQPAAPLPSLEERWDDVGPEVSAVMQQNEIPVVAPFDGASEVPIDDQKGDAMKRIQKLLRCKDYEQAIGLLRSAREVWPENDSFGKANLSVEEEFLVLREIFFAELGVPDEVPGTQGSGNQVEGLLNYEDEEDDDEENEEEEEETRFEETSFKFMDFLQRFANLRVVSNLAILLKNFERNTPELNHYVLKMFHRIALDCKMPAMLYQASIFRVFQRVFQSDSRVHKELASFARFVFRGFAEVASRNPKAYMELLFWKSTKQATEMVDGYDAEPQAKKSKSAWSEEEEDELRTLFMEHQTNKPSQDVVDYILSNLISQDRTRRGVMKKLKEMYLIVNSKSVRSEVSKRLPKEWSEEEVAQLTELWEQVREEDDPVGLIYDSLRIKRSKPKIKEKLLELNLAEDAKQLRKKRTKKSSGPKSSWENASASEDEDGSGSDEDEDGDGGVSGSDAGKKKKKKEKSRKERKKSKQPAIVYTDAQLSGLLKDVIANNLQEALQWLKESLEESLEDRDEESHEGLALVPLTAETSAAMDSPNFQRFLRGAGIEPPDLEEAYWRIPASMLVTTVKKRIEIIDKALKGEFVEEVVVASRRRGESESDEDDDDFFERLKKYSKRNDGDAESAPSTSQKSASSKSAARKVDENPESPKSDKENHDTENEILSYGNAKRSDSEEEEDKTSPTTKSPDEEKKTKPKRIKTVLDLSDSEDERQPSQEENNDDAIRTDSSQDKTSKSKRVLESDSEEEKMETESQSQTDVRSKIEPKEGSAKSSRIRKVLDSDSEEEAEKLPQDADESSLEAKRTRSENSDSETPMQKKRRVLDSDEEDDFVKEAEKPVEKKRSRVLSDDEE,,
jewel wasp,Nasonia vitripennis,Timeout,Hymenoptera,100121375,XP_031783083.1,No,,7425,,,,,,,,MTAAALQISDVIYAELTATCDALGYNDGNKFLLDKNAIEVLKDLIRYLKRDDDIHSVRRYLGHSKLLQRDLLKIFVEHVNKTELWNVLLRLLINLTSPALMVYNEELPSEKITRSYYLQILSHLQEYKSAMANDAVWGIIHEKMKNILTIESEERGEENEMIMERILTLIRNVLRVPASDSENRTDNDTSIHDEVLFALNTTGVTELLVYIASSSKEQQYHMQILEIIAFMLQGQNPARLARVGLQRSNHEKEAEEARLVLMRQKEQAEKLAKMKKYAGSRHSRFGGTYVVQNMKAIGDNEMICHKPYQKIEDLNFSVTKQKTKKRKNKNELMSLGEERISALSVRLFLKEFCVEFLNGAYNPVMRYVRSCINGTGAVASDASHYLWALRFFMNFNRHYNFRVKYVSETISTEVFYLVQRQIEHNYEMILSDKKKAAFWSTRMHLGINAYQELLLTLIEMDKSKDDGVKRSSRAIMGNIFYVPEYRDTILSQLLNYNELTMSRDYLVDLVTTVHIFLKMLKNFCEKERNVVVQKVKRKKPKKKSKSANKAATQPAAPLPSLEERWDDVGPEVSAVMQQNEIPVVAPFDGASEVPIDDQKGDAMKRIQKLLRCKDYEQAIGLLRSAREVWPENDSFGKANLSVEEEFLVLREIFFAELGVPDEVPGTQGSGNQVEGLLNYEDEEDDDEENEEEEEETRFEETSFKFMDFLQRFANLRVVSNLAILLKNFERNTPELNHYVLKMFHRIALDCKMPAMLYQASIFRVFQRVFQSDSRVHKELASFARFVFRGFAEVASRNPKAYMELLFWKSTKQATEMVDGYDAEPQAKKSKSAWSEEEEDELRTLFMEHQTNKPSQDVVDYILSNLISQDRTRRGVMKKLKEMYLIVNSKSVRSEVSKRLPKEWSEEEVAQLTELWEQVREEDDPVGLIYDSLRIKRSKPKIKEKLLELNLAEDAKQLRKKRTKKSSGPKSSWENASASEDEDGSGSDEDEDGDGGVSGSDAGKKKKKKEKSRKERKKSKQPAIVYTDAQLSGLLKDVIANNLQEALQWLKESLEESLEDRDEESHEGLALVPLTAETSAAMDSPNFQRFLRGAGIEPPDLEEAYWRIPASMLVTTVKKRIEIIDKALKGEFVEEVVVASRRRGESESDEDDDDFFERLKKYSKRNDGDAESAPSTSQKSASSKSAARKVDENPESPKSDKENHDTENEILSYGNAKRSDSEEEEDKTSPTTKSPDEEKKTKPKRIKTVLDLSDSEDERQPSQEENNDDAIRTDSSQDKTSKSKRVLESDSEEEKMETESQSQTDVRSKIEPKEGSAKSSRIRKVLDSDSEEEAEKLPQDADESSLEAKRTRSENSDSETPMQKKRRVLDSDEEDDFVKEAEKPVEKKRSRVLSDDEE,,
jewel wasp,Nasonia vitripennis,Timeout,Hymenoptera,100121375,XP_031783081.1,No,,7425,,,,,,,,MTAAALQISDVIYAELTATCDALGYNDGNKFLLDKNAIEVLKDLIRYLKRDDDIHSVRRYLGHSKLLQRDLLKIFVEHVNKTELWNVLLRLLINLTSPALMVYNEELPSEKITRSYYLQILSHLQEYKSAMANDAVWGIIHEKMKNILTIESEERGEENEMIMERILTLIRNVLRVPASDSENRTDNDTSIHDEVLFALNTTGVTELLVYIASSSKEQQYHMQILEIIAFMLQGQNPARLARVGLQRSNHEKEAEEARLVLMRQKEQAEKLAKMKKYAGSRHSRFGGTYVVQNMKAIGDNEMICHKPYQKIEDLNFSVTKQKTKKRKNKNELMSLGEERISALSVRLFLKEFCVEFLNGAYNPVMRYVRSCINGTGAVASDASHYLWALRFFMNFNRHYNFRVKYVSETISTEVFYLVQRQIEHNYEMILSDKKKAAFWSTRMHLGINAYQELLLTLIEMDKSKDDGVKRSSRAIMGNIFYVPEYRDTILSQLLNYNELTMSRDYLVDLVTTVHIFLKMLKNFCEKERNVVVQKVKRKKPKKKSKSANKAATQPAAPLPSLEERWDDVGPEVSAVMQQNEIPVVAPFDGASEVPIDDQKGDAMKRIQKLLRCKDYEQAIGLLRSAREVWPENDSFGKANLSVEEEFLVLREIFFAELGVPDEVPGTQGSGNQVEGLLNYEDEEDDDEENEEEEEETRFEETSFKFMDFLQRFANLRVVSNLAILLKNFERNTPELNHYVLKMFHRIALDCKMPAMLYQASIFRVFQRVFQSDSRVHKELASFARFVFRGFAEVASRNPKAYMELLFWKSTKQATEMVDGYDAEPQAKKSKSAWSEEEEDELRTLFMEHQTNKPSQDVVDYILSNLISQDRTRRGVMKKLKEMYLIVNSKSVRSEVSKRLPKEWSEEEVAQLTELWEQVREEDDPVGLIYDSLRIKRSKPKIKEKLLELNLAEDAKQLRKKRTKKSSGPKSSWENASASEDEDGSGSDEDEDGDGGVSGSDAGKKKKKKEKSRKERKKSKQPAIVYTDAQLSGLLKDVIANNLQEALQWLKESLEESLEDRDEESHEGLALVPLTAETSAAMDSPNFQRFLRGAGIEPPDLEEAYWRIPASMLVTTVKKRIEIIDKALKGEFVEEVVVASRRRGESESDEDDDDFFERLKKYSKRNDGDAESAPSTSQKSASSKSAARKVDENPESPKSDKENHDTENEILSYGNAKRSDSEEEEDKTSPTTKSPDEEKKTKPKRIKTVLDLSDSEDERQPSQEENNDDAIRTDSSQDKTSKSKRVLESDSEEEKMETESQSQTDVRSKIEPKEGSAKSSRIRKVLDSDSEEEAEKLPQDADESSLEAKRTRSENSDSETPMQKKRRVLDSDEEDDFVKEAEKPVEKKRSRVLSDDEE,,
white butterfly parasite,Cotesia glomerata,Timeout,Hymenoptera,123275409,XP_044599449.1,No,,32391,,,,,,,,MTDYISAELAATCDALGYHDGATYRLDPDALDVIKDLIKYLKRDDDTHTIRRYLGQTKFLETDLIQIFVEHSNKSELWDVLLRLMINLTSPALMVYNEELPAERTNRNYYLQLVSYLQGYKKALTDERVWTVVSSRLGKILKIDTSERGEENELIIERILTLIRNVLQVPPHDNDKRADNDATVHDEVLFALHASGIVDLLLFIASNSSEQQFHVQIIEIIALMLREQNASKLAVVGLERTAEEKAREEAKLLAVRQKEITEKMEKMKKYSGSRHSRFGGTFVVQNMKGIGENQLICHRPFDKIEAFEFSRDKTKMKKPKNRVFVEPAVEERMSALSVRLFLKEFCVEFLIGAYNPVMRYAKSFIIGDSADKSDGIHYFWALRFFMEFNRHYKFQVKYVSETIATETFYLVQRQMDQYYELLMADKKKPTYWLRRLHEALKAYQELLHTLSWMDKSLDKDVRDSSKVIKSNIFYVPEYRETILGQLLSYNGLKMSRNYLVDLVTTTHLFVKMLEQFCDKSRNVMVAKTKAKKRKGTQKKTKQKKEQEQTTAVQKSLDERWDDAGPELSAVMQEGIIPDVVPFDATLDTPIEDQKSDAMKKIQKLLRKKEFEEAVGLLRASRQVWPENDCFGKPDIPVEEEFLALREIFFADLGVEEEAEKRNEDIESFLNNEGGEIEDEDDEENEEEDNVVEWEETNFDFKEFIYRFANVKVVKALTELLKTFEKNTIEVNHYILKMFHRISWDCKMPAMLFQASIFRVFQRVLESKRREHKELQKFASFIICQFAEVAQKNPKAYMELLFWKNTREATEIVEGYDVQHENKKTGRGVWSEAEEDELRTLFMEHQTKKYPQDIIDWILENIISDDRTRRGVIKKLKEMHLIVNSKQVRNEVQKRLPKEWGEEEVAQLTEMWENVKNDDDPVDLIYAGLRIKRPKPKIKEKLLELGLAKDPKELRKKRTKKSKSKSDGLPKASWETRSESERSASSSNEENSSDSEDTGRHPGPAKRANKKIVKKNNKKRPPTITYTDAQLSGLLKDVIDNDMRESLEWIKESLEEALEDRDEESADGIPLVPITDYSSAAMDSPTFMRFLRACGIEPPSNEQEAYWRIPATMLSSTIRKRCDLIAKALAGDFIEESVTTEKDIVDSLSESDDEDTQRDIDKIKNMFKQKSKLQNKKQIVKSKVFNSSSDEDSEESSSLMKEKSVLVDKDKKIDNGGKEGRGRTNTSKVRQGKLNSSRIKSIVNSSDSEMEIETTKITSDSESKRIRSENSDSEAPILKKRRVIDSEDDEDKKEEESDFDKLLKSSESKQSRIIISDNESDADEINQPSESKQSRKIFSDDDDED,,
white butterfly parasite,Cotesia glomerata,Timeout,Hymenoptera,123275409,XP_044599448.1,Yes,,32391,,,,,,,,MTDYISAELAATCDALGYHDGATYRLDPDALDVIKDLIKYLKRDDDTHTIRRYLGQTKFLETDLIQIFVEHSNKSELWDVLLRLMINLTSPALMVYNEELPAERTNRNYYLQLVSYLQGYKKALTDERVWTVVSSRLGKILKIDTSERGEENELIIERILTLIRNVLQVPPHDNDKRADNDATVHDEVLFALHASGIVDLLLFIASNSSEQQFHVQIIEIIALMLREQNASKLAVVGLERTAEEKAREEAKLLAVRQKEITEKMEKMKKYSGSRHSRFGGTFVVQNMKGIGENQLICHRPFDKIEAFEFSRDKTKMKKPKNRVFVEPAVEERMSALSVRLFLKEFCVEFLIGAYNPVMRYAKSFIIGDSADKSDGIHYFWALRFFMEFNRHYKFQVKYVSETIATETFYLVQRQMDQYYELLMADKKKPTYWLRRLHEALKAYQELLHTLSWMDKSLDKDVRDSSKVIKSNIFYVPEYRETILGQLLSYNGLKMSRNYLVDLVTTTHLFVKMLEQFCDKSRNVMVAKTKAKKRKGTQKKTKQKKEQEQTTAVQKSLDERWDDAGPELSAVMQEGIIPDVVPFDATLDTPIEDQKSDAMKKIQKLLRKKEFEEAVGLLRASRQVWPENDCFGKPDIPVEEEFLALREIFFADLGVEEEAEKRNEDIESFLNNEGGEIEDEDDEENEEEDNVVEWEETNFDFKEFIYRFANVKVVKALTELLKTFEKNTIEVNHYILKMFHRISWDCKMPAMLFQASIFRVFQRVLESKRREHKELQKFASFIICQFAEVAQKNPKAYMELLFWKNTREATEIVEGYDVQHENKKTGRGVWSEAEEDELRTLFMEHQTKKYPQDIIDWILENIISDDRTRRGVIKKLKEMHLIVNSKQVRNEVQKRLPKEWGEEEVAQLTEMWENVKNDDDPVDLIYAGLRIKRPKPKIKEKLLELGLAKDPKELRKKRTKKSKSKSDGLPKASWETRSESERSASSSNEENSSDSEDTGRHPGPAKRANKKIVKKNNKKRPPTITYTDAQLSGLLKDVIDNDMRESLEWIKESLEEALEDRDEESADGIPLVPITDYSSAAMDSPTFMRFLRACGIEPPSNEQEAYWRIPATMLSSTIRKRCDLIAKALAGDFIEESVTTEKDIVDSLSESDDEDTQRDIDKIKNMFKQKSKLQNKKQIVKSKVFNSSSDEDSEESSSLMKEKSVLVDKDKKIDNGGKEGRGRTNTSKVRQGKLNSSRIKSIVNSSDSEMEIETTKITSDSEESKRIRSENSDSEAPILKKRRVIDSEDDEDKKEEESDFDKLLKSSESKQSRIIISDNESDADEINQPSESKQSRKIFSDDDDED,,
Microplitis demolitor,Microplitis demolitor,Timeout,Hymenoptera,103574560,XP_008552252.1,Yes,,69319,,,,,,,,MADYISAELAATCDALGYYDGATYHLDSDALNVIKDLIKYLKRDDDTHTVRRYLGQAKLLETDLIQILIQHSNKSELWDVLLRLMINLTSPALMFYNEELPAERTNRNYYLQLVSYLQGYKKALTDDRLWTVVSNRLGKILKIDTSERGEENELIIERILTLIRNVLQVPPHDNDKRADNDATVHDEVLFALHASGIVDLLLFIASNSSEQQFHVQIIEIIALMLREQNASKLAVVGLERTAEEKAREEAKLLAVRQKEITEKMEKMKKYSGSRHSRFGGTFVVQNMKAIGDNQMICHKPFEKIEALEFSRDKGKMKKPKNRVFVEPSVEERMSALSVRLFLKEFCVEFLIGAYNPVMRYAKSFIIGDSADKSDGIHYFWALRFFMEFNRHYKFQVKYVSETVSTETFYLVQRQMEQYYELLMADKKKPAFWLRRLHEALKAYQELLHTLGAMDKALDKGVRDSSKVIKSNIFYVPEYRETILGQLLSYNGLKMSRNYLVDLITTVHIFLKMLEHFCAQSRNVMVAKSKAKRRKSTKKKNKPEKEKEQTTAIQKSLDERWDDAGPELSAVMQDGTIPDVIPFDATLDTPIEDQKSDAMKRIQKLLRKKEFEEAVGLLRASRAVWPENDCFGKPDIPVEEEFLALREIFFADLGVQEEAEKQNEDVESFLNNEGGEIEDENDEENEEEDNVVEWEETKFDFKEFIHRFANVKVVKAVTVLLKTFEKNSMELNRYIIKMLHRIAWDCKMPGMIFQASIFRVFQRILDSKHHEHKELQKFASFIIRQFAEVAQKNRKAYMELLFWKNTREATEMVDGYDAANAENKKISRAVWSEAEEDELRTLFMEHQTNKYPQDLIDWLLENIISENRTRRGIIKKLKEMYLIVNSKEVRNEVQKRLPKEWGEEEITQLKEMWENVKNDDDPVDLIYGGLRIKRPKPRIKEKLLELGLAKDPKELRKKRTKKNKSKSDGLPKASWETRSDSEESASNSDDEDSSSDSENTGRHPGSSSNSARPSAAKKKLVKKQNKKRQPTIIYSDAQLSGLLKEVIDNNMSESLEWIKESLEEALEDRDEESADGIPLVPITDYSSAAMESPIFMRFLRASGIEPPSNEQEAYWRIPATMLSSTIRKRCDLIASALVGNFVIQESITSEKIQVNSDSDSDDEETQHDIEKIKKMFKKKSELQNKSKGITSTYLDSSSDEDTGRLLMKDKSLLIDKNEEDKEEDKINNGKEKEKRRGNKSKVHGGKLNSSRIKSILNSSDSEMEVETTKITENNSEVKRIRSENSDTETPVMKKRRVIDSDDDEEEEREGENEKKKERDQENNFDKLLESTNTKQSRRIISDDESDDPQVEEPRQSKSRKIFSDDED,,
burying beetle,Nicrophorus vespilloides,Timeout,Coleoptera,108558671,,Yes,,110193,,,,,,,,MSTLLSAELVATCNSLGYYNAESDKYLADDNTQESVKDLIRYLRRDDGSHDIRRQLGETKVVQTDLLPLLKNYWEETELFDTLLRLLVNLTTPALMLWEEEMPKELAPRNHYLQIEEHLQSYKEAFVDEAVWAVLSSRISKILEMDVGERGDDNGMIIERILILIRNILYVPADSDAERRPDNDASIHDQVLWALHQSGMLDIILYISGSVAERVYYMHVMEILSFMLREQNATHLAQAAVQRSHSEKMRDEAELLAIRHRENNQKANKVKKFSGARHSRFGGTFVVKTMKSISENELICHKPLDKMDALKFDVNKTMSKIPKNRLPVQEQNAERRSAFSIRLFLKEFCVEFLKGAYNTMMYHVKGRLARAKSQHNDESYYLWALRFFMEFNRSYKFEVKLVSETMSVQAFHFVQKQMETYYDMLAMDKKKIRQWSRRLHLSLLAYRELLMTLAAMDKCPDGSVRDSSKVIKSNVFYVPEYREFIITLLVNYDEVKMSRQYLFDLLEAQHVFFKLLESHCGGKTGRVVVQNRLKPQRKKKAKESVETAAPVELNLERMWDEASAQLSVVLEGNLEIPKDVVPFDAGSDVPIDEQKSEAMKNIQRKLRNHEFENAIGLLRASREVWPEDDCFGAADIAVEEEFLALKEIFCADLGGKSNKAVSKSGPTQAQESQDEYEEDEEDELMMDMSMCESDLKFNEVVMRLANPRIVRACGLALSNFSKNSALTNHCIIKLLHRIAFDCSMSTMLFQVSIFRIFERIYEEKVLPQNKEMVKFASYVIRQFFQVAEKNQHVFMEALFWKNHREAFDIQEGYGVYFQKQSAVKAWTDMEEDELRKLFIEHRENLIEEDVVDWIVSNLIDNTRTRRVVLKKLKDMCLLIDYKGPRKSGISGKAPKQWGEDEEAQLQELYEEFKDAMDPLNCIMPRLDVHRPKNRIIEKLLVMGLVQDRKELRKKRSNKSHQQHGRSDEDGSSDSESEMSSEQRNRSNPDGLKLSAKKKTNKKKKNNNKKESSGHARRASVRDLSATLISLMAAGEHADALGWLKESFEDAIEDLDDDADEGVPLVPIMDQQVAAMDSEEFKGLLRGLGISEPSDEQETYWRMPPSLSMKTMKENCDLIAKALDKTLTVPEIEEEEPIEEPQQERPVDSSSDDEDVFDRLKRLRQEPVNVSTPPKLEKKRELTHEETMAEVVKSVKINKIKSKLSDLSKKRAVNKAMSLIDFENDDDDVEEEPSSSKPKRRIRAMDSSDDEETDDKTEMVGPDESNRLSFKPSRILDYDSDDDTSKVEGESNNERPFKTMQGLESDSDEDIAVSSKRIGGRSQILDSDDEESNKRSRSASDTEDKPIVKKARVIASDDED,,
bark scorpion,Centruroides sculpturatus,Timeout,Scorpiones,111642155,,Yes,,218467,,,,,,,,MPYKEQPYSETFLKMMEDFNSAISAEIVATCGAIGYNNKGKYVKDPDCSECLKDLIRFLRNDDESHSIRRQLARIGVLKTDLIPLLKYYPKDKTLFDINIRLLINLTNPVMLLYHEELPEEKLTRNYYMEILSYQQECKQSFTDPDVWKELANRLRELLQLDWEHCQEDDRIMIERILILIRNILHIPSDSVSEKRTDDDVSIHDQIVWSFHISGMDDLIIYLAVTDEHKQFCFHVLEIISLLLREQTPQQLASTGQERFTLEKQRDNQELLKLRKQEFLRKQASVKLQTSRHSRFGGTFEVKNMKSVSDNNMLYHHKLQNITSLTYNQKEKKRKPKRNVPMQHVEVKRKSALTVRLCLRDFCKEFLDTAYNLFMKLIKEYLMGNQIQANDETYYFWAIKFFMEFNRLSGSAMSLITETMSIQSFHYLQTQIEYYYEMTINDKKKIVQWSKRMHLALKAYQELLLTLYAMDESSDREIIESAKIIKGNIFYVMEYRELLISLLMNYDEVKFSQNYLKDLIETTHVFMKMLEKFCKRQSHLIVQQKKVKRKKKNKPKKTLNNENKEDYEKLWSDLSENLSTALQEKIEEAESNTSIFDPVSDHTIDQQRINVIIKIKETLQMKNVKEAICLLRAARNIWPENDVFGIPTISPENEFIVLREIYFSDVQNLGDNANQKDVQEFEDNMTEEEQEERIVQSYEKEFDFKGFVSRFANSKIVRAYAMLFKNFNKNSDYTNNCILKMLHRISWDCKMVALLFQASVFQTMQKILDFPEYSSMIKELKRFSKFVVRKFFETAEKNNKVFVEILFWKKLSDIYEIENGYGTTKPNINELWNEEQEDELRNLYQEYENNTEGGKDVIDHILEHMIDQTKTRRQVIRKLKQLGIVENAKQLHKQKSVSLKRDWTEEETTMLIQLYEKYKDSTGKKIIMENNEFLQLLKTFGFVPPASEQESFWRIPSNLATRQLEINLELLNKELQDGDDDNISYQNNEKNEAREINSPESKHNDDDTQEEAEDEISQVDEVMWKEDSKSQLANEFRRYLDSVESDEELELPRKKFKGRIIESDEDE,,
human,Homo sapiens,Timeout,Primates,8914,NP_003911.2,Yes,,9606,,,,,,,,MDLHMMNCELLATCSALGYLEGDTYHKEPDCLESVKDLIRYLRHEDETRDVRQQLGAAQILQSDLLPILTQHHQDKPLFDAVIRLMVNLTQPALLCFGNLPKEPSFRHHFLQVLTYLQAYKEAFASEKAFGVLSETLYELLQLGWEERQEEDNLLIERILLLVRNILHVPADLDQEKKIDDDASAHDQLLWAIHLSGLDDLLLFLASSSAEEQWSLHVLEIVSLMFRDQNPEQLAGVGQGRLAQERSADFAELEVLRQREMAEKKTRALQRGNRHSRFGGSYIVQGLKSIGERDLIFHKGLHNLRNYSSDLGKQPKKVPKRRQAARELSIQRRSALNVRLFLRDFCSEFLENCYNRLMGSVKDHLLREKAQQHDETYYMWALAFFMAFNRAASFRPGLVSETLSVRTFHFIEQNLTNYYEMMLTDRKEAASWARRMHLALKAYQELLATVNEMDISPDEAVRESSRIIKNNIFYVMEYRELFLALFRKFDERCQPRSFLRDLVETTHLFLKMLERFCRSRGNLVVQNKQKKRRKKKKKVLDQAIVSGNVPSSPEEVEAVWPALAEQLQCCAQNSELSMDSVVPFDAASEVPVEEQRAEAMVRIQDCLLAGQAPQALTLLRSAREVWPEGDVFGSQDISPEEEIQLLKQILSAPLPRQQGPEERGAEEEEEEEEEEEEELQVVQVSEKEFNFLDYLKRFACSTVVRAYVLLLRSYQQNSAHTNHCIVKMLHRLAHDLKMEALLFQLSVFCLFNRLLSDPAAGAYKELVTFAKYILGKFFALAAVNQKAFVELLFWKNTAVVREMTEGYGSLDDRSSSRRAPTWSPEEEAHLRELYLANKDVEGQDVVEAILAHLNTVPRTRKQIIHHLVQMGLADSVKDFQRKGTHIVLWTGDQELELQRLFEEFRDSDDVLGHIMKNITAKRSRARIVDKLLALGLVAERRELYKKRQKKLASSILPNGAESLKDFCQEDLEEEENLPEEDSEEEEEGGSEAEQVQGSLVLSNENLGQSLHQEGFSIPLLWLQNCLIRAADDREEDGCSQAVPLVPLTEENEEAMENEQFQQLLRKLGVRPPASGQETFWRIPAKLSPTQLRRAAASLSQPEEEQKLQPELQPKVPGEQGSDEEHCKEHRAQALRALLLAHKKKAGLASPEEEDAVGKEPLKAAPKKRQLLDSDEEQEEDEGRNRAPELGAPGIQKKKRYQIEDDEDD,,
human,Homo sapiens,Timeout,Primates,8914,NP_001317224.1,No,,9606,,,,,,,,MDLHMMNCELLATCSALGYLEGDTYHKEPDCLESVKDLIRYLRHEDETRDVRQQLGAAQILQSDLLPILTQHHQDKPLFDAVIRLMVNLTQPALLCFGNLPKEPSFRHHFLQVLTYLQAYKEAFASEKAFGVLSETLYELLQLGWEERQEEDNLLIERILLLVRNILHVPADLDQEKIDDDASAHDQLLWAIHLSGLDDLLLFLASSSAEEQWSLHVLEIVSLMFRDQNPEQLAGVGQGRLAQERSADFAELEVLRQREMAEKKTRALQRGNRHSRFGGSYIVQGLKSIGERDLIFHKGLHNLRNYSSDLGKQPKKVPKRRQAARELSIQRRSALNVRLFLRDFCSEFLENCYNRLMGSVKDHLLREKAQQHDETYYMWALAFFMAFNRAASFRPGLVSETLSVRTFHFIEQNLTNYYEMMLTDRKEAASWARRMHLALKAYQELLATVNEMDISPDEAVRESSRIIKNNIFYVMEYRELFLALFRKFDERCQPRSFLRDLVETTHLFLKMLERFCRSRGNLVVQNKQKKRRKKKKKVLDQAIVSGNVPSSPEEVEAVWPALAEQLQCCAQNSELSMDSVVPFDAASEVPVEEQRAEAMVRIQDCLLAGQAPQALTLLRSAREVWPEGDVFGSQDISPEEEIQLLKQILSAPLPRQQGPEERGAEEEEEEEEEEEEELQVVQVSEKEFNFLDYLKRFACSTVVRAYVLLLRSYQQNSAHTNHCIVKMLHRLAHDLKMEALLFQLSVFCLFNRLLSDPAAGAYKELVTFAKYILGKFFALAAVNQKAFVELLFWKNTAVVREMTEGYGSLDDRSSSRRAPTWSPEEEAHLRELYLANKDVEGQDVVEAILAHLNTVPRTRKQIIHHLVQMGLADSVKDFQRKGTHIVLWTGDQELELQRLFEEFRDSDDVLGHIMKNITAKRSRARIVDKLLALGLVAERRELYKKRQKKLASSILPNGAESLKDFCQEDLEEEENLPEEDSEEEEEGGSEAEQVQGSLVLSNENLGQSLHQEGFSIPLLWLQNCLIRAADDREEDGCSQAVPLVPLTEENEEAMENEQFQQLLRKLGVRPPASGQETFWRIPAKLSPTQLRRAAASLSQPEEEQKLQPELQPKVPGEQGSDEEHCKEHRAQALRALLLAHKKKAGLASPEEEDAVGKEPLKAAPKKRQLLDSDEEQEEDEGRNRAPELGAPGIQKKKRYQIEDDEDD,,